date,cost,cost_electricity,cost_degradation,cost_baseline,saving_electricity,saving_net,s_final,year,month
2024-11-01,1.6529978610064346,1.4279978610064346,0.225,2.161068397654239,0.7330705366478045,0.5080705366478044,1.0,2024,11
2024-11-02,1.3220465104982713,1.3220465104982713,0.0,1.3220465104982717,4.440892098500626e-16,4.440892098500626e-16,1.0,2024,11
2024-11-03,1.3934327440775922,0.9809327440775921,0.41250000000000003,1.4765020411710343,0.4955692970934422,0.08306929709344213,1.0,2024,11
2024-11-04,1.9263013810333662,1.4623838550333663,0.463917526,2.2409649551155306,0.7785811000821643,0.3146635740821644,1.0,2024,11
2024-11-05,1.002847094093185,0.538929568093185,0.463917526,2.2808197013726916,1.7418901332795067,1.2779726072795066,1.0,2024,11
2024-11-06,1.5500526885486763,1.0111351625486762,0.538917526,3.0605708131736824,2.049435650625006,1.5105181246250061,1.0,2024,11
2024-11-07,1.4923841447594497,1.0284666187594498,0.463917526,1.9397571400812381,0.9112905213217883,0.4473729953217884,1.0,2024,11
2024-11-08,2.947906573584598,2.947906573584598,0.0,2.9479065735845977,-4.440892098500626e-16,-4.440892098500626e-16,1.0,2024,11
2024-11-09,2.6231841385811108,2.6231841385811108,0.0,2.6231841385811103,-4.440892098500626e-16,-4.440892098500626e-16,1.0,2024,11
2024-11-10,2.3529776260737663,2.3529776260737663,0.0,2.3529776260737654,-8.881784197001252e-16,-8.881784197001252e-16,1.0,2024,11
2024-11-11,1.9486179872581886,1.9486179872581886,0.0,1.9486179872581892,6.661338147750939e-16,6.661338147750939e-16,1.0,2024,11
2024-11-12,1.1692419337710525,0.7053244077710524,0.463917526,1.478800963862011,0.7734765560909586,0.30955903009095853,1.0,2024,11
2024-11-13,2.201565071502451,1.7376475455024512,0.463917526,2.297708938970352,0.5600613934679011,0.09614386746790116,1.0,2024,11
2024-11-14,2.7937725652210097,2.4350734472210096,0.35869911800000004,2.8309184634562423,0.3958450162352327,0.03714589823523262,1.0,2024,11
2024-11-15,2.837022850153364,2.837022850153364,0.0,2.837022850153363,-8.881784197001252e-16,-8.881784197001252e-16,1.0,2024,11
2024-11-16,1.9306011051892213,1.9306011051892213,0.0,1.9306011051892211,-2.220446049250313e-16,-2.220446049250313e-16,1.0,2024,11
2024-11-17,1.2019270200045478,0.7380094940045479,0.463917526,1.6145599981078047,0.8765505041032569,0.41263297810325694,1.0,2024,11
2024-11-18,1.385037340480131,0.921119814480131,0.463917526,1.6295426671881106,0.7084228527079796,0.24450532670797953,1.0,2024,11
2024-11-19,1.7031419821148965,1.2392244561148964,0.463917526,1.8470309386797945,0.6078064825648981,0.14388895656489797,1.0,2024,11
2024-11-20,2.0274798346338105,1.7274798346338105,0.30000000000000004,2.0546147045387095,0.32713486990489904,0.027134869904898995,1.0,2024,11
2024-11-21,1.8995498139846032,1.4356322879846033,0.463917526,2.0654099556384056,0.6297776676538023,0.16586014165380236,1.0,2024,11
2024-11-22,2.69169009416499,2.6166900941649898,0.07500000000000001,2.6922769235780835,0.07558682941309369,0.0005868294130935148,1.0,2024,11
2024-11-23,1.4533939387092416,1.4533939387092416,0.0,1.4533939387092423,6.661338147750939e-16,6.661338147750939e-16,1.0,2024,11
2024-11-24,0.31744425116351005,0.31744425116351005,0.0,0.3174442511635101,5.551115123125783e-17,5.551115123125783e-17,1.0,2024,11
2024-11-25,0.40598092115149315,-0.057936604848506885,0.463917526,1.0546747124313771,1.112611317279884,0.648693791279884,1.0,2024,11
2024-11-26,1.2892679732807122,0.825350447280712,0.463917526,1.4936762096094345,0.6683257623287224,0.2044082363287223,1.0,2024,11
2024-11-27,2.0157317208693386,2.0157317208693386,0.0,2.0157317208693386,0.0,0.0,1.0,2024,11
2024-11-28,1.525321267163355,1.061403741163355,0.463917526,1.8633939931906258,0.8019902520272708,0.3380727260272709,1.0,2024,11
2024-11-29,1.9163556604400078,1.9163556604400078,0.0,1.9163556604400074,-4.440892098500626e-16,-4.440892098500626e-16,1.0,2024,11
2024-11-30,2.213635485613759,2.213635485613759,0.0,2.2136354856137586,-4.440892098500626e-16,-4.440892098500626e-16,1.0,2024,11
2024-12-01,2.0002819543272063,2.0002819543272063,0.0,2.000281954327206,-4.440892098500626e-16,-4.440892098500626e-16,1.0,2024,12
2024-12-02,1.2796249297260283,0.8157074037260282,0.463917526,1.5879922166589613,0.772284812932933,0.308367286932933,1.0,2024,12
2024-12-03,1.5773635424221357,1.1134460164221356,0.463917526,1.9341851906703722,0.8207391742482366,0.3568216482482365,1.0,2024,12
2024-12-04,2.134799264218257,1.670881738218257,0.463917526,2.709526546788872,1.0386448085706148,0.5747272825706147,1.0,2024,12
2024-12-05,1.775560843217039,1.775560843217039,0.0,1.7755608432170393,2.220446049250313e-16,2.220446049250313e-16,1.0,2024,12
2024-12-06,0.7998145133839867,0.33589698738398666,0.463917526,1.5495200098008346,1.213623022416848,0.7497054964168479,1.0,2024,12
2024-12-07,1.1205545754436401,1.1205545754436401,0.0,1.12055457544364,-2.220446049250313e-16,-2.220446049250313e-16,1.0,2024,12
2024-12-08,2.007730992061912,2.007730992061912,0.0,2.0077309920619117,-4.440892098500626e-16,-4.440892098500626e-16,1.0,2024,12
2024-12-09,1.4141945687169146,0.9502770427169146,0.463917526,1.7976077284122272,0.8473306856953126,0.38341315969531253,1.0,2024,12
2024-12-10,1.7364425362201996,1.2725250102201995,0.463917526,1.990785748639129,0.7182607384189295,0.2543432124189293,1.0,2024,12
2024-12-11,4.117487580098082,3.653570054098082,0.463917526,5.5781728948134575,1.9246028407153752,1.4606853147153753,1.0,2024,12
2024-12-12,0.47206334861199317,-0.21685417738800683,0.688917526,3.8181629449853944,4.035017122373401,3.346099596373401,1.0,2024,12
2024-12-13,5.174883457206299,4.392122270706299,0.7827611865,6.064394098608158,1.6722718279018594,0.8895106414018592,1.0,2024,12
2024-12-14,2.2470373724451624,2.2470373724451624,0.0,2.2470373724451633,8.881784197001252e-16,8.881784197001252e-16,1.0,2024,12
2024-12-15,1.8200449547831732,1.5012012942831732,0.3188436605,1.9766339138097884,0.4754326195266152,0.15658895902661518,1.0,2024,12
2024-12-16,1.104743125598321,0.6408255995983211,0.463917526,1.7960549730898605,1.1552293734915393,0.6913118474915394,1.0,2024,12
2024-12-17,1.2675111350105304,0.8035936090105303,0.463917526,1.40404833575396,0.6004547267434296,0.13653720074342957,1.0,2024,12
2024-12-18,0.9960011908192352,0.8835011908192352,0.1125,1.0000505126382135,0.11654932181897837,0.004049321818978324,1.0,2024,12
2024-12-19,1.0235693783391602,0.55965185233916,0.463917526,1.4444752668505922,0.8848234145114322,0.42090588851143207,1.0,2024,12
2024-12-20,1.6474067620254957,1.1834892360254958,0.463917526,2.0680913103729672,0.8846020743474714,0.4206845483474715,1.0,2024,12
2024-12-21,0.5467197699523173,0.5467197699523173,0.0,0.5467197699523173,0.0,0.0,1.0,2024,12
2024-12-22,0.5087666032519347,0.04484907725193461,0.463917526,0.679665873958633,0.6348167967066983,0.1708992707066983,1.0,2024,12
2024-12-23,0.9298946871498179,0.4659771611498179,0.463917526,1.544177697207115,1.078200536057297,0.6142830100572971,1.0,2024,12
2024-12-24,3.826020440846689,3.826020440846689,0.0,3.8260204408466887,-4.440892098500626e-16,-4.440892098500626e-16,1.0,2024,12
2024-12-25,2.201851957956989,2.201851957956989,0.0,2.2018519579569893,4.440892098500626e-16,4.440892098500626e-16,1.0,2024,12
2024-12-26,1.8561851156780447,1.8561851156780447,0.0,1.856185115678045,2.220446049250313e-16,2.220446049250313e-16,1.0,2024,12
2024-12-27,3.0462038485794016,2.9664929334794015,0.0797109151,3.047995394980848,0.08150246150144635,0.0017915464014461868,1.0,2024,12
2024-12-28,2.2050791893053394,2.2050791893053394,0.0,2.2050791893053403,8.881784197001252e-16,8.881784197001252e-16,1.0,2024,12
2024-12-29,1.8989894958527167,1.8989894958527167,0.0,1.8989894958527165,-2.220446049250313e-16,-2.220446049250313e-16,1.0,2024,12
2024-12-30,2.465739957310488,2.1657399573104876,0.30000000000000004,2.59319147706708,0.42745151975659246,0.1274515197565922,1.0,2024,12
2024-12-31,1.1660974304678695,0.8285974304678695,0.3375,1.1887593119867415,0.36016188151887196,0.02266188151887194,1.0,2024,12
2025-01-01,0.4839744188445301,0.24484167384453004,0.239132745,0.5038100865175629,0.25896841267303283,0.019835667673032797,1.0,2025,1
2025-01-02,1.6662080440575298,1.2022905180575296,0.463917526,2.058496982363266,0.8562064643057365,0.3922889383057364,1.0,2025,1
2025-01-03,2.515546506217105,1.9719180651171053,0.5436284411,2.667893779615291,0.6959757144981855,0.15234727339818566,1.0,2025,1
2025-01-04,2.2179530489142465,2.2179530489142465,0.0,2.217953048914245,-1.3322676295501878e-15,-1.3322676295501878e-15,1.0,2025,1
2025-01-05,0.9820621107216061,0.9820621107216061,0.0,0.9820621107216062,1.1102230246251565e-16,1.1102230246251565e-16,1.0,2025,1
2025-01-06,0.5758156769578006,0.11189815095780051,0.463917526,0.9141721766177505,0.80227402565995,0.33835649965994996,1.0,2025,1
2025-01-07,0.9897068322963778,0.4715858837963778,0.5181209485,1.7060475790997651,1.2344616953033873,0.7163407468033873,1.0,2025,1
2025-01-08,1.7056718459738338,1.241754319973834,0.463917526,2.0023164551628163,0.7605621351889824,0.2966446091889825,1.0,2025,1
2025-01-09,2.0723476781644288,1.8730703906644288,0.1992772875,2.1037331726586808,0.23066278199425194,0.031385494494251986,1.0,2025,1
2025-01-10,2.965334371125387,2.501416845125387,0.463917526,3.0946612975962617,0.5932444524708749,0.12932692647087496,1.0,2025,1
2025-01-11,2.3170718235410335,2.3170718235410335,0.0,2.317071823541032,-1.3322676295501878e-15,-1.3322676295501878e-15,1.0,2025,1
2025-01-12,3.016940447644294,2.829440447644294,0.1875,3.02780650731232,0.19836605966802612,0.010866059668026118,1.0,2025,1
2025-01-13,2.109975580996138,1.8099755809961375,0.30000000000000004,2.263473305133799,0.45349772413766143,0.15349772413766116,1.0,2025,1
2025-01-14,3.6647270222992736,3.1067506167992733,0.5579764055,3.812427152786118,0.7056765359868447,0.14770013048684438,1.0,2025,1
2025-01-15,2.787062036870075,2.189230173370075,0.5978318635000001,3.750191723537939,1.560961550167864,0.9631296866678638,1.0,2025,1
2025-01-16,2.312069212132522,1.8481516861325218,0.463917526,2.5212464733783,0.6730947872457784,0.2091772612457783,1.0,2025,1
2025-01-17,3.1502124601229236,2.6862949341229236,0.463917526,3.356125637466606,0.6698307033436826,0.20591317734368264,1.0,2025,1
2025-01-18,3.065671781271311,3.065671781271311,0.0,3.065671781271311,0.0,0.0,1.0,2025,1
2025-01-19,3.065062389041126,3.065062389041126,0.0,3.0650623890411257,-4.440892098500626e-16,-4.440892098500626e-16,1.0,2025,1
2025-01-20,0.943553228645445,0.08108112714544495,0.8624721015000001,3.3408109131916666,3.2597297860462215,2.3972576845462217,1.0,2025,1
2025-01-21,2.2099166425592482,1.6120847790592483,0.5978318635000001,2.7107471158852983,1.09866233682605,0.50083047332605,1.0,2025,1
2025-01-22,2.4129316067847792,1.9490140807847791,0.463917526,2.637042616796309,0.6880285360115297,0.22411101001152955,1.0,2025,1
2025-01-23,1.7443270971570177,1.5450498096570178,0.1992772875,1.7570663449178068,0.212016535260789,0.012739247760789052,1.0,2025,1
2025-01-24,2.004334751299198,1.7043347512991978,0.30000000000000004,2.0721126469387077,0.3677778956395099,0.06777789563950964,1.0,2025,1
2025-01-25,1.599912653575648,1.135995127575648,0.463917526,1.8199209912636451,0.6839258636879972,0.2200083376879971,1.0,2025,1
2025-01-26,1.8861350484181314,1.8861350484181314,0.0,1.886135048418132,6.661338147750939e-16,6.661338147750939e-16,1.0,2025,1
2025-01-27,0.2741248375803117,-0.1897926884196883,0.463917526,0.5640106525235468,0.7538033409432351,0.28988581494323507,1.0,2025,1
2025-01-28,1.2420393762552395,0.7781218502552394,0.463917526,1.4594943848021673,0.6813725345469279,0.21745500854692779,1.0,2025,1
2025-01-29,1.888022063020554,1.4241045370205538,0.463917526,2.205729328395352,0.7816247913747982,0.3177072653747981,1.0,2025,1
2025-01-30,1.2858056503467135,0.8218881243467134,0.463917526,1.486732372772866,0.6648442484261526,0.20092672242615262,1.0,2025,1
2025-01-31,2.3642917500334373,2.0853035470334373,0.27898820300000005,2.4294493479782133,0.344145800944776,0.06515759794477605,1.0,2025,1
2025-02-01,2.4433098043510175,2.3308098043510177,0.1125,2.446480784783293,0.11567098043227508,0.003170980432275261,1.0,2025,2
2025-02-02,2.0029588084547827,1.883392435954783,0.1195663725,2.009761983148826,0.12636954719404314,0.006803174694043346,1.0,2025,2
2025-02-03,2.3728029044953693,1.5756937534953692,0.797109151,2.813927713825737,1.2382339603303676,0.44112480933036746,1.0,2025,2
2025-02-04,2.753975740682914,2.3554211651829142,0.3985545755,2.864006731640521,0.5085855664576067,0.11003099095760671,1.0,2025,2
2025-02-05,1.8895085725155423,1.4255910465155424,0.463917526,1.9713119864201025,0.5457209399045602,0.08180341390456025,1.0,2025,2
2025-02-06,1.3113672000280556,1.0722344550280556,0.239132745,1.4089920671963378,0.33675761216828226,0.09762486716828223,1.0,2025,2
2025-02-07,1.853907644905302,1.774196729805302,0.0797109151,1.8564040210745865,0.08220729126928439,0.002496376169284442,1.0,2025,2
2025-02-08,2.02472530551149,1.5608077795114899,0.463917526,2.1587345800753552,0.5979268005638654,0.13400927456386524,1.0,2025,2
2025-02-09,4.157014109290912,3.9975922792909113,0.15942183000000001,4.186557182304281,0.18896490301336932,0.029543073013369003,1.0,2025,2
2025-02-10,2.7260606717847033,2.2621431457847034,0.463917526,2.9394878673630953,0.6773447215783919,0.21342719557839196,1.0,2025,2
2025-02-11,3.2320530337617064,2.8195530337617063,0.41250000000000003,3.3445497005505653,0.524996666788859,0.11249666678885895,1.0,2025,2
2025-02-12,3.240354019310586,2.961365816310586,0.27898820300000005,3.289540155990828,0.3281743396802419,0.049186136680241965,1.0,2025,2
2025-02-13,3.8185592852020203,3.4200047097020203,0.3985545755,3.874905671961803,0.4549009622597828,0.056346386759782874,1.0,2025,2
2025-02-14,2.232490465247631,1.6745140592476309,0.557976406,2.5311975805402116,0.8566835212925807,0.29870711529258065,1.0,2025,2
2025-02-15,3.169166851431691,3.169166851431691,0.0,3.169166851431689,-2.220446049250313e-15,-2.220446049250313e-15,1.0,2025,2
2025-02-16,1.6970439162340976,1.6970439162340976,0.0,1.6970439162340978,2.220446049250313e-16,2.220446049250313e-16,1.0,2025,2
2025-02-17,1.5193571348398467,0.6967404908398466,0.822616644,2.0763993449232254,1.3796588540833787,0.5570422100833787,1.0,2025,2
2025-02-18,0.8581995548213883,0.3799340643213882,0.47826549050000006,0.9943380029458366,0.6144039386244484,0.1361384481244483,1.0,2025,2
2025-02-19,1.4896348882366417,1.2903576007366417,0.1992772875,1.531880165622067,0.24152256488542534,0.042245277385425384,1.0,2025,2
2025-02-20,1.9073845871931914,1.9073845871931914,0.0,1.9073845871931907,-6.661338147750939e-16,-6.661338147750939e-16,1.0,2025,2
2025-02-21,1.2521212970193034,1.2521212970193034,0.0,1.2521212970193032,-2.220446049250313e-16,-2.220446049250313e-16,1.0,2025,2
2025-02-22,0.8049453591412117,0.3410278331412116,0.463917526,1.0526098367171415,0.7115820035759299,0.2476644775759298,1.0,2025,2
2025-02-23,1.3500314234625996,1.0311877629625996,0.3188436605,1.474900365652102,0.4437126026895024,0.1248689421895024,1.0,2025,2
2025-02-24,1.2482195208733795,0.7843019948733795,0.463917526,1.8295312575262415,1.045229262652862,0.581311736652862,1.0,2025,2
2025-02-25,1.7861452515158551,1.322227725515855,0.463917526,1.8875099272970426,0.5652822017811876,0.10136467578118746,1.0,2025,2
2025-02-26,1.6004437270140386,1.4011664395140386,0.1992772875,1.6244109537527458,0.22324451423870717,0.023967226738707215,1.0,2025,2
2025-02-27,2.4756524615635467,2.2810860890635465,0.1945663725,2.4817242729343434,0.2006381838707969,0.006071811370796709,1.0,2025,2
2025-02-28,1.824406744729495,1.744695829629495,0.0797109151,1.8278246300791066,0.08312880044961157,0.003417885349611627,1.0,2025,2
2025-03-01,3.8872468064021524,3.8872468064021524,0.0,3.8872468064021515,-8.881784197001252e-16,-8.881784197001252e-16,1.0,2025,3
2025-03-02,0.942621440392702,0.478703914392702,0.463917526,1.659222394796059,1.1805184804033568,0.7166009544033569,1.0,2025,3
2025-03-03,0.08402477475724157,-0.49945912374275847,0.5834838985,0.7671742757676911,1.2666333995104497,0.6831495010104496,1.0,2025,3
2025-03-04,0.6795688550874445,0.05622949908744442,0.623339356,1.406921563315233,1.3506920642277886,0.7273527082277885,1.0,2025,3
2025-03-05,0.20558784070604963,-0.49746243029395043,0.7030502710000001,1.2239097577853528,1.7213721880793034,1.0183219170793032,1.0,2025,3
2025-03-06,0.7275560458674514,0.11363851986745131,0.613917526,1.5489158576585578,1.4352773377911066,0.8213598117911064,1.0,2025,3
2025-03-07,0.39012373450480997,-0.07379379149519004,0.463917526,1.098215578440611,1.172009369935801,0.7080918439358009,1.0,2025,3
2025-03-08,0.2561900318913567,-0.20772749410864333,0.463917526,0.8985910097438865,1.1063185038525298,0.6424009778525298,1.0,2025,3
2025-03-09,0.21813970864564036,-0.24577781735435966,0.463917526,1.031704404269732,1.2774822216240918,0.8135646956240917,1.0,2025,3
2025-03-10,1.4737431978261069,1.1150440798261068,0.35869911800000004,1.5799428348261941,0.46489875500008737,0.10619963700008728,1.0,2025,3
2025-03-11,1.6377968430977206,1.4385195555977206,0.1992772875,1.6846551432051107,0.24613558760739007,0.046858300107390116,1.0,2025,3
2025-03-12,1.9339220832268935,1.5752229652268934,0.35869911800000004,2.05430198402551,0.4790790187986167,0.1203799007986166,1.0,2025,3
2025-03-13,1.8442048490652883,1.4692048490652883,0.375,1.9317323983818204,0.46252754931653217,0.08752754931653217,1.0,2025,3
2025-03-14,2.516688948726255,2.516688948726255,0.0,2.516688948726255,0.0,0.0,1.0,2025,3
2025-03-15,0.6318427408233175,0.16792521482331746,0.463917526,0.7847503945246941,0.6168251797013766,0.1529076537013766,1.0,2025,3
2025-03-16,0.15137812269282214,-0.3125394033071779,0.463917526,0.946247173098686,1.2587865764058639,0.7948690504058639,1.0,2025,3
2025-03-17,0.9548734904090092,0.27733071190900915,0.6775427785,1.3026453950567056,1.0253146831476965,0.3477719046476965,1.0,2025,3
2025-03-18,0.15457649669431545,-0.3093410293056846,0.463917526,1.0683274758850543,1.377668505190739,0.9137509791907388,1.0,2025,3
2025-03-19,0.764827019893784,0.30090949389378396,0.463917526,1.850772906212403,1.549863412318619,1.085945886318619,1.0,2025,3
2025-03-20,0.4431682028739793,-0.020749323126020743,0.463917526,1.3562991979200802,1.377048521046101,0.913130995046101,1.0,2025,3
2025-03-21,0.6207208041775181,0.15680327817751807,0.463917526,0.9646520573390706,0.8078487791615525,0.3439312531615525,1.0,2025,3
2025-03-22,0.057087156382454374,-0.40683036961754565,0.463917526,0.6006532683350513,1.0074836379525969,0.543566111952597,1.0,2025,3
2025-03-23,0.8190118548648749,0.3550943288648749,0.463917526,1.4857586676760626,1.1306643388111877,0.6667468128111876,1.0,2025,3
2025-03-24,0.6539842387759871,-0.009425794224012856,0.663410033,0.8810435166353922,0.8904693108594051,0.22705927785940505,1.0,2025,3
2025-03-25,0.7312017344235624,0.2672842084235623,0.463917526,0.9564414351534716,0.6891572267299093,0.22523970072990918,1.0,2025,3
2025-03-26,1.5061524872249925,1.1474533692249924,0.35869911800000004,1.605233573619364,0.4577802043943715,0.09908108639437141,1.0,2025,3
2025-03-27,0.5856763182821608,0.12175879228216077,0.463917526,1.248488910692796,1.1267301184106353,0.6628125924106353,1.0,2025,3
2025-03-28,1.0531262857651025,0.5892087597651026,0.463917526,1.7900677836870738,1.2008590239219712,0.7369414979219713,1.0,2025,3
2025-03-29,0.230325439370562,-0.23359208662943803,0.463917526,0.7732166273385144,1.0068087139679525,0.5428911879679523,1.0,2025,3
2025-03-30,-0.04463061171815241,-0.5085481377181524,0.463917526,0.33804599001771646,0.8465941277358688,0.38267660173586887,1.0,2025,3
2025-03-31,0.2120427824441834,-0.7277847765558167,0.9398275590000001,1.03245846331327,1.7602432398690868,0.8204156808690867,1.0,2025,3
2025-04-01,-0.02666615065635014,-0.7695718796563502,0.7429057290000001,0.8716585504584429,1.641230430114793,0.898324701114793,1.0,2025,4
2025-04-02,0.2594401473256148,-0.48346558167438525,0.7429057290000001,1.269491523541109,1.7529571052154944,1.0100513762154941,1.0,2025,4
2025-04-03,0.1932059703282939,-0.6692661311717062,0.8624721015000001,1.350053554911329,2.019319686083035,1.1568475845830353,1.0,2025,4
2025-04-04,0.41144799112517394,-0.17203590737482613,0.5834838985,1.0868016449795916,1.2588375523544177,0.6753536538544177,1.0,2025,4
2025-04-05,0.12227476790630076,-0.34164275809369926,0.463917526,0.9154462876795858,1.257089045773285,0.793171519773285,1.0,2025,4
2025-04-06,-0.39187437701405137,-0.8557919030140514,0.463917526,1.1014158486605259,1.9572077516745772,1.4932902256745773,1.0,2025,4
2025-04-07,-0.06545316499029608,-0.8083588939902961,0.7429057290000001,0.8748215629787072,1.6831804569690032,0.9402747279690032,1.0,2025,4
2025-04-08,0.19953632527626242,-0.5035139457237376,0.7030502710000001,0.7955941793197592,1.2991081250434968,0.5960578540434968,1.0,2025,4
2025-04-09,0.22395594060325097,-0.23996158539674906,0.463917526,0.7165234879655676,0.9564850733623167,0.49256754736231667,1.0,2025,4
2025-04-10,0.5495690380701217,-0.07377031792987832,0.623339356,1.1278435894229109,1.2016139073527892,0.5782745513527892,1.0,2025,4
2025-04-11,0.27382258525722974,-0.19009494074277028,0.463917526,0.98654241494935,1.1766373556921204,0.7127198296921202,1.0,2025,4
2025-04-12,-0.2866829748601084,-0.7881005008601084,0.501417526,0.8328914468450073,1.6209919477051158,1.1195744217051158,1.0,2025,4
2025-04-13,-0.08312403871478746,-0.5470415647147875,0.463917526,0.5518565164602008,1.0988980811749882,0.6349805551749883,1.0,2025,4
2025-04-14,-0.05394046865122004,-0.6704286716512201,0.6164882030000001,0.25182899783856927,0.9222576694897894,0.3057694664897893,1.0,2025,4
2025-04-15,0.25410973378037804,-0.329374164719622,0.5834838985,0.8512388977515896,1.1806130624712114,0.5971291639712115,1.0,2025,4
2025-04-16,1.0250742832469253,0.5213012996969252,0.5037729835500001,1.4445539343530287,0.9232526346561035,0.4194796511061034,1.0,2025,4
2025-04-17,1.662009275793497,1.624509275793497,0.037500000000000006,1.6622892901747293,0.03778001438123235,0.0002800143812322631,1.0,2025,4
2025-04-18,0.5444648454939252,0.09446484549392517,0.45,0.6482185420282582,0.553753696534333,0.10375369653433308,1.0,2025,4
2025-04-19,0.1938280128526938,-0.2700895131473062,0.463917526,0.7920224421522316,1.062111955299538,0.5981944292995378,1.0,2025,4
2025-04-20,0.7297289941233989,0.2658114681233988,0.463917526,1.5283984337315248,1.262586965608126,0.798669439608126,1.0,2025,4
2025-04-21,0.6034295673497159,0.1395120413497159,0.463917526,1.2168644788188596,1.0773524374691437,0.6134349114691438,1.0,2025,4
2025-04-22,0.628183297174848,-0.04935948082515212,0.6775427780000001,1.0099969358400394,1.0593564166651914,0.38181363866519136,1.0,2025,4
2025-04-23,1.0987616952070411,0.751839865207041,0.34692183000000004,1.1349816888162694,0.3831418236092283,0.03621999360922823,1.0,2025,4
2025-04-24,1.3916006184864134,1.3916006184864134,0.0,1.3916006184864131,-2.220446049250313e-16,-2.220446049250313e-16,1.0,2025,4
2025-04-25,0.7887823481571548,0.4137823481571547,0.375,0.9629222904541733,0.5491399422970187,0.17413994229701857,1.0,2025,4
2025-04-26,-0.08725238171925154,-0.5511699077192516,0.463917526,0.5398363373511293,1.091006245070381,0.6270887190703809,1.0,2025,4
2025-04-27,-1.3851477064382598,-1.8490652324382597,0.463917526,1.0738785782531832,2.922943810691443,2.459026284691443,1.0,2025,4
2025-04-28,0.1863045877051841,-0.35732385339481587,0.5436284411,0.9628858186613095,1.3202096720561254,0.7765812309561254,1.0,2025,4
2025-04-29,0.0695383152547201,-0.39437921074527993,0.463917526,0.6795969684019348,1.0739761791472149,0.6100586531472147,1.0,2025,4
2025-04-30,-0.032108989843952496,-0.4960265158439525,0.463917526,0.7987993406328281,1.2948258564767805,0.8309083304767806,1.0,2025,4
2025-05-01,-1.076841743741416,-1.540759269741416,0.463917526,0.9507040102099092,2.491463279951325,2.0275457539513253,1.0,2025,5
2025-05-02,0.6146603025965216,0.07103186149652158,0.5436284411,1.1868538021579256,1.115821940661404,0.572193499561404,1.0,2025,5
2025-05-03,0.4075540841873294,-0.13136344181267057,0.538917526,0.7129355257219966,0.8442989675346672,0.3053814415346672,1.0,2025,5
2025-05-04,-0.019364433305599393,-0.4832819593055994,0.463917526,0.44961891622377487,0.9329008755293743,0.46898334952937426,1.0,2025,5
2025-05-05,0.29918574425868816,-0.2772317817413119,0.5764175260000001,0.9293729517495142,1.206604733490826,0.630187207490826,1.0,2025,5
2025-05-06,0.014052779038630558,-0.5248647469613694,0.538917526,0.37135263748164893,0.8962173844430184,0.35729985844301837,1.0,2025,5
2025-05-07,0.6611165968601282,0.24861659686012821,0.41250000000000003,0.7777692447131203,0.529152647852992,0.11665264785299201,1.0,2025,5
2025-05-08,0.503792809054926,0.039875283054925895,0.463917526,0.6847701842087498,0.6448949011538239,0.18097737515382384,1.0,2025,5
2025-05-09,0.49762245857406506,-0.04600598252593492,0.5436284411,1.0642856780665904,1.1102916605925253,0.5666632194925253,1.0,2025,5
2025-05-10,-0.6149644911445337,-1.0788820171445337,0.463917526,0.9473233040711072,2.026205321215641,1.5622877952156409,1.0,2025,5
2025-05-11,-3.6143083610048294,-4.078225887004829,0.463917526,0.8942101520879309,4.97243603909276,4.50851851309276,1.0,2025,5
2025-05-12,0.10971916877649712,-0.3541983572235029,0.463917526,0.8262186535548847,1.1804170107783876,0.7164994847783875,1.0,2025,5
2025-05-13,-0.20152262937430387,-0.6654401553743039,0.463917526,0.6794221199467203,1.3448622753210242,0.8809447493210242,1.0,2025,5
2025-05-14,-0.28050271052120557,-0.7444202365212056,0.463917526,0.7207212957210578,1.4651415322422634,1.0012240062422633,1.0,2025,5
2025-05-15,0.7529935771541966,0.24922059360419646,0.5037729835500001,1.3367951744189628,1.0875745808147663,0.5838015972647662,1.0,2025,5
2025-05-16,0.04340750957673212,-0.4205100164232679,0.463917526,0.8091091444646655,1.2296191608879334,0.7657016348879334,1.0,2025,5
2025-05-17,-0.032445857917231424,-0.49636338391723145,0.463917526,0.7635587013822543,1.2599220852994857,0.7960045592994858,1.0,2025,5
2025-05-18,-0.03649049268715543,-0.5004080186871555,0.463917526,0.6342009778813489,1.1346089965685042,0.6706914705685043,1.0,2025,5
2025-05-19,0.2290489566633478,-0.23486856933665223,0.463917526,0.8022498435669735,1.0371184129036257,0.5732008869036257,1.0,2025,5
2025-05-20,0.2657918265731509,-0.19812569942684907,0.463917526,0.9448706829986424,1.1429963824254914,0.6790788564254915,1.0,2025,5
2025-05-21,0.17249558090357436,-0.29142194509642566,0.463917526,0.5550265571067765,0.8464485022032022,0.38253097620320214,1.0,2025,5
2025-05-22,0.24039995968474442,-0.2235175663152556,0.463917526,0.6977444590494997,0.9212620253647552,0.45734449936475524,1.0,2025,5
2025-05-23,0.19906859698437535,-0.2648489290156247,0.463917526,0.7561922135377754,1.0210411425534,0.5571236165534001,1.0,2025,5
2025-05-24,0.7241821016007756,0.18526457560077556,0.538917526,1.1376579170828574,0.9523933414820818,0.4134758154820818,1.0,2025,5
2025-05-25,-0.2144611925428379,-0.6783787185428379,0.463917526,0.31567326365451387,0.9940519821973518,0.5301344561973518,1.0,2025,5
2025-05-26,0.11637941488554726,-0.5468153986144528,0.6631948135000001,0.7841041609423005,1.3309195595567533,0.6677247460567532,1.0,2025,5
2025-05-27,0.15213289394766122,-0.3117846320523388,0.463917526,0.7336091741509391,1.045393806203278,0.5814762802032778,1.0,2025,5
2025-05-28,0.5215216303986095,0.057604104398609496,0.463917526,1.018094755218636,0.9604906508200264,0.49657312482002636,1.0,2025,5
2025-05-29,0.40021382447776155,-0.13870370152223846,0.538917526,0.6858202044866695,0.8245239060089079,0.2856063800089079,1.0,2025,5
2025-05-30,-0.4573284992313482,-0.9212460252313482,0.463917526,0.29640534401111895,1.2176513692424673,0.7537338432424672,1.0,2025,5
2025-05-31,0.27397427536439134,-0.18994325063560868,0.463917526,1.0358845222243043,1.225827772859913,0.7619102468599129,1.0,2025,5
2025-06-01,0.3491242154344271,-0.11479331056557289,0.463917526,0.867846239613715,0.9826395501792878,0.5187220241792878,1.0,2025,6
2025-06-02,0.029598157084037457,-0.43431936891596257,0.463917526,0.7582431047208926,1.1925624736368552,0.7286449476368552,1.0,2025,6
2025-06-03,0.2597358842107137,-0.2041816417892863,0.463917526,0.8055562161467213,1.0097378579360077,0.5458203319360077,1.0,2025,6
2025-06-04,-0.36295743968260663,-1.0660077106826067,0.7030502710000001,0.06485376272045806,1.1308614734030646,0.4278112024030647,1.0,2025,6
2025-06-05,0.6103068515860881,0.07138932558608815,0.538917526,1.0822508019569992,1.010861476370911,0.4719439503709111,1.0,2025,6
2025-06-06,0.40395716156937805,-0.059960364430621964,0.463917526,1.0658643674575508,1.1258247318881727,0.6619072058881728,1.0,2025,6
2025-06-07,0.5359804738755711,0.07206294787557113,0.463917526,1.1275634700119528,1.0555005221363816,0.5915829961363817,1.0,2025,6
2025-06-08,-0.23663409293055837,-0.7380516189305584,0.501417526,0.6363350073490276,1.3743866262795859,0.872969100279586,1.0,2025,6
2025-06-09,0.0834542967201658,-0.5398850592798342,0.623339356,0.9480239981493054,1.4879090574291396,0.8645697014291396,1.0,2025,6
2025-06-10,0.04946414466449944,-0.4144533813355006,0.463917526,0.815593007150491,1.2300463884859916,0.7661288624859915,1.0,2025,6
2025-06-11,0.11786702959756945,-0.3460504964024306,0.463917526,0.841643580138556,1.1876940765409865,0.7237765505409866,1.0,2025,6
2025-06-12,-0.1637394176169038,-0.6276569436169038,0.463917526,0.6224980353470282,1.250154978963932,0.786237452963932,1.0,2025,6
2025-06-13,0.371248637896085,-0.09266888810391502,0.463917526,1.0823541634901066,1.1750230515940217,0.7111055255940216,1.0,2025,6
2025-06-14,0.5371317706423896,0.07321424464238956,0.463917526,1.279903359703819,1.2066891150614294,0.7427715890614294,1.0,2025,6
2025-06-15,0.4246879853476373,-0.039229540652362706,0.463917526,1.1624488808430151,1.2016784214953777,0.7377608954953778,1.0,2025,6
2025-06-16,0.34163013559551186,-0.12228739040448816,0.463917526,1.3531089941119647,1.4753963845164528,1.011478858516453,1.0,2025,6
2025-06-17,-0.15473304399651922,-0.6186505699965192,0.463917526,0.9808426103996291,1.5994931803961483,1.1355756543961482,1.0,2025,6
2025-06-18,0.15836209329999518,-0.30555543270000485,0.463917526,0.9794143576922357,1.2849697903922406,0.8210522643922405,1.0,2025,6
2025-06-19,0.4065049232169246,-0.05741260278307544,0.463917526,1.2847242396357472,1.3421368424188227,0.8782193164188226,1.0,2025,6
2025-06-20,0.6230208854603635,0.1591033594603635,0.463917526,1.5390501062274464,1.379946746767083,0.9160292207670829,1.0,2025,6
2025-06-21,0.9810817015569966,0.5171641755569966,0.463917526,2.0538452010281376,1.536681025471141,1.072763499471141,1.0,2025,6
2025-06-22,0.09662909122653357,-0.40478843477346643,0.501417526,1.2070487203908022,1.6118371551642687,1.1104196291642687,1.0,2025,6
2025-06-23,0.10039657768979021,-0.3635209483102098,0.463917526,0.770318456565875,1.133839404876085,0.6699218788760848,1.0,2025,6
2025-06-24,0.18612517277802615,-0.2777923532219739,0.463917526,0.8942035800161807,1.1719959332381547,0.7080784072381545,1.0,2025,6
2025-06-25,0.9014921823351218,0.4375746563351219,0.463917526,2.0183049418397734,1.5807302855046514,1.1168127595046515,1.0,2025,6
2025-06-26,1.33314073593079,0.9206407359307901,0.41250000000000003,1.3851172925587985,0.46447655662800835,0.051976556628008375,1.0,2025,6
2025-06-27,0.13015535609709739,-0.33376216990290264,0.463917526,0.5784875356766566,0.9122497055795592,0.4483321795795592,1.0,2025,6
2025-06-28,-0.4895709459045777,-0.9534884719045778,0.463917526,0.07670977569245188,1.0301982475970297,0.5662807215970296,1.0,2025,6
2025-06-29,-0.8598189255267877,-1.3237364515267878,0.463917526,-0.0759770152734899,1.2477594362532978,0.7838419102532979,1.0,2025,6
2025-06-30,0.007295030220646537,-0.4566224957793535,0.463917526,1.324079706302455,1.7807022020818084,1.3167846760818085,1.0,2025,6
2025-07-01,-0.963797030051203,-1.427714556051203,0.463917526,1.985102261133886,3.412816817185089,2.948899291185089,1.0,2025,7
2025-07-02,1.0097039163051913,0.5082863903051913,0.501417526,2.5011213378440313,1.99283494753884,1.49141742153884,1.0,2025,7
2025-07-03,-0.31647487876375346,-0.7803924047637535,0.463917526,0.3952693850421022,1.1756617898058557,0.7117442638058556,1.0,2025,7
2025-07-04,-0.4491573282775324,-0.9130748542775324,0.463917526,0.03195251035833224,0.9450273646358647,0.48110983863586465,1.0,2025,7
2025-07-05,0.3566421064478268,-0.10727541955217322,0.463917526,0.7921156838860057,0.899391103438179,0.43547357743817894,1.0,2025,7
2025-07-06,0.6708775985908206,0.20696007259082058,0.463917526,1.214525346699627,1.0075652741088066,0.5436477481088065,1.0,2025,7
2025-07-07,0.32367819187835395,-0.29966116412164606,0.623339356,0.9953699139694181,1.295031078091064,0.6716917220910641,1.0,2025,7
2025-07-08,0.40699380599949553,-0.16942372000050457,0.5764175260000001,0.6621214150415698,0.8315451350420744,0.2551276090420743,1.0,2025,7
2025-07-09,0.24794415038678871,-0.2159733756132113,0.463917526,0.6841700003049249,0.9001433759181362,0.4362258499181362,1.0,2025,7
2025-07-10,0.5652380954814644,0.1013205694814644,0.463917526,0.8691517939594,0.7678312244779356,0.3039136984779356,1.0,2025,7
2025-07-11,0.3346215867251358,-0.07787841327486421,0.41250000000000003,0.5676560597679338,0.645534473042798,0.23303447304279795,1.0,2025,7
2025-07-12,0.16802991335742168,-0.29588761264257835,0.463917526,0.7825744219737005,1.0784620346162788,0.6145445086162789,1.0,2025,7
2025-07-13,0.2576039431265498,-0.20631358287345028,0.463917526,0.9096546654148758,1.1159682482883262,0.6520507222883261,1.0,2025,7
2025-07-14,0.5555862996043968,0.15703172410439672,0.3985545755,0.7077438194981671,0.5507120953937704,0.15215751989377035,1.0,2025,7
2025-07-15,0.9499011895207999,0.4859836635207999,0.463917526,1.4001303996841137,0.9141467361633138,0.45022921016331374,1.0,2025,7
2025-07-16,0.5546825799361107,0.09076505393611069,0.463917526,0.7250818890041999,0.6343168350680892,0.1703993090680892,1.0,2025,7
2025-07-17,0.6834053497248387,0.3247062317248387,0.35869911800000004,0.8051327757558866,0.4804265440310479,0.12172742603104791,1.0,2025,7
2025-07-18,0.5637904208526497,0.18879042085264974,0.375,0.6643200994477265,0.4755296785950768,0.10052967859507678,1.0,2025,7
2025-07-19,1.201186938741917,0.7372694127419168,0.463917526,1.7279896606337628,0.990720247891846,0.5268027218918458,1.0,2025,7
2025-07-20,0.8778476061465769,0.41393008014657684,0.463917526,1.4808485605901562,1.0669184804435794,0.6030009544435794,1.0,2025,7
2025-07-21,0.600056130684805,0.136138604684805,0.463917526,0.9670162228800026,0.8308776181951976,0.36696009219519754,1.0,2025,7
2025-07-22,1.3542091327451047,0.8902916067451048,0.463917526,1.8111738165528461,0.9208822098077414,0.45696468380774147,1.0,2025,7
2025-07-23,0.7798188414460121,0.40481884144601205,0.375,0.8520875729465112,0.4472687315004991,0.07226873150049906,1.0,2025,7
2025-07-24,0.9984889013239038,0.9984889013239038,0.0,0.9984889013239034,-3.3306690738754696e-16,-3.3306690738754696e-16,1.0,2025,7
2025-07-25,1.0623105410444018,1.0623105410444018,0.0,1.0623105410444023,4.440892098500626e-16,4.440892098500626e-16,1.0,2025,7
2025-07-26,1.903412489464854,1.528412489464854,0.375,2.027102795343137,0.4986903058782828,0.12369030587828278,1.0,2025,7
2025-07-27,1.1689938983750212,0.7050763723750212,0.463917526,1.4927995213762697,0.7877231490012485,0.3238056230012485,1.0,2025,7
2025-07-28,0.9406796320851974,0.6218359715351974,0.31884366055,0.9820405040347401,0.36020453249954265,0.04136087194954263,1.0,2025,7
2025-07-29,0.17515854797805713,-0.2887589780219429,0.463917526,0.7505915726920706,1.0393505507140135,0.5754330247140134,1.0,2025,7
2025-07-30,0.05953580651545215,-0.4043817194845479,0.463917526,0.397647949615037,0.802029669099585,0.33811214309958487,1.0,2025,7
2025-07-31,1.1882080764157394,0.7242905504157395,0.463917526,1.4378359358947261,0.7135453854789866,0.2496278594789867,1.0,2025,7
2025-08-01,1.5738479889310089,1.2363479889310087,0.3375,1.658031166614749,0.4216831776837402,0.08418317768374006,1.0,2025,8
2025-08-02,0.345309923410114,-0.11860760258988602,0.463917526,0.8521683933376033,0.9707759959274893,0.5068584699274893,1.0,2025,8
2025-08-03,0.3151739336678747,-0.14874359233212534,0.463917526,0.7829310549007492,0.9316746472328745,0.4677571212328745,1.0,2025,8
2025-08-04,1.0568474770786918,0.4429299510786917,0.613917526,1.3411807571949061,0.8982508061162144,0.2843332801162144,1.0,2025,8
2025-08-05,0.10079150721574875,-0.36312601878425127,0.463917526,0.6564634804191112,1.0195894992033625,0.5556719732033624,1.0,2025,8
2025-08-06,0.28895633680617205,-0.43746118919382804,0.7264175260000001,1.0832780700686169,1.520739259262445,0.7943217332624448,1.0,2025,8
2025-08-07,0.3752884230155177,-0.08862910298448237,0.463917526,0.9344068915949975,1.0230359945794798,0.5591184685794798,1.0,2025,8
2025-08-08,0.884365569164451,0.42044804316445095,0.463917526,1.4915272716127124,1.0710792284482613,0.6071617024482614,1.0,2025,8
2025-08-09,0.6197615991789169,0.15584407317891688,0.463917526,1.2108703679212238,1.055026294742307,0.5911087687423069,1.0,2025,8
2025-08-10,-0.3272657161812459,-0.7911832421812459,0.463917526,0.756606889232702,1.547790131413948,1.0838726054139478,1.0,2025,8
2025-08-11,0.36457574009881377,-0.09934178590118627,0.463917526,1.163888243954255,1.2632300298554413,0.7993125038554413,1.0,2025,8
2025-08-12,1.0692594685364512,0.605341942536451,0.463917526,1.8508094863038467,1.2454675437673957,0.7815500177673955,1.0,2025,8
2025-08-13,1.0309274599827711,0.5670099339827711,0.463917526,1.6555652729285684,1.0885553389457971,0.6246378129457972,1.0,2025,8
2025-08-14,1.2239255529436655,0.7600080269436653,0.463917526,1.890161082287192,1.1301530553435266,0.6662355293435265,1.0,2025,8
2025-08-15,0.5890387083037205,0.12512118230372044,0.463917526,1.1626693343966843,1.037548152092964,0.5736306260929638,1.0,2025,8
2025-08-16,0.6751804256248529,0.21126289962485292,0.463917526,1.0925868138425705,0.8813239142177176,0.4174063882177176,1.0,2025,8
2025-08-17,0.5931374162024616,0.12921989020246155,0.463917526,1.086493771100362,0.9572738808979004,0.4933563548979003,1.0,2025,8
2025-08-18,-0.09147009182029742,-0.5553876178202974,0.463917526,0.4764719134384219,1.0318595312587193,0.5679420052587193,1.0,2025,8
2025-08-19,0.6655983610740566,0.2016808350740566,0.463917526,0.9727578089360327,0.771076973861976,0.30715944786197613,1.0,2025,8
2025-08-20,0.25284819408101733,-0.21106933191898267,0.463917526,0.45866409654045937,0.6697334284594421,0.20581590245944203,1.0,2025,8
2025-08-21,0.5967318142531949,0.13281428825319488,0.463917526,0.8128194390459471,0.6800051507927523,0.21608762479275223,1.0,2025,8
2025-08-22,0.9112606790304627,0.44734315303046274,0.463917526,1.1024305621231407,0.6550874090926779,0.19116988309267802,1.0,2025,8
2025-08-23,0.47401925992835725,0.010101733928357202,0.463917526,1.040899203202857,1.0307974692745,0.5668799432744998,1.0,2025,8
2025-08-24,0.6233272876637593,0.15940976166375934,0.463917526,1.2309870723702883,1.071577310706529,0.6076597847065289,1.0,2025,8
2025-08-25,-0.17064060768727662,-0.6345581336872766,0.463917526,0.6731309837656505,1.3076891174529273,0.8437715914529271,1.0,2025,8
2025-08-26,0.5329691622690591,0.0690516362690591,0.463917526,0.8584374729989307,0.7893858367298716,0.3254683107298716,1.0,2025,8
2025-08-27,0.9324071410547218,0.5574071410547218,0.375,1.2095573364077523,0.6521501953530305,0.27715019535303054,1.0,2025,8
2025-08-28,1.1109551034023057,1.0359551034023058,0.07500000000000001,1.1138045402595071,0.07784943685720136,0.002849436857201404,1.0,2025,8
2025-08-29,1.380247010713003,1.1552470107130028,0.225,1.4088097557704613,0.25356274505745846,0.028562745057458372,1.0,2025,8
2025-08-30,0.42049030343932225,-0.08092722256067778,0.501417526,0.7185587182980753,0.799485940858753,0.298068414858753,1.0,2025,8
2025-08-31,0.4570730297266703,-0.006844496273329698,0.463917526,0.7691099908083726,0.7759544870817023,0.3120369610817023,1.0,2025,8
2025-09-01,0.4499161800970932,-0.014001345902906815,0.463917526,0.7894873397125102,0.803488685615417,0.33957115961541695,1.0,2025,9
2025-09-02,0.6277470094164158,0.1166924339164157,0.5110545755000001,1.019222370399714,0.9025299364832984,0.39147536098329827,1.0,2025,9
2025-09-03,0.40740009386097975,-0.13151743213902026,0.538917526,0.6486006111879585,0.7801180433269788,0.24120051732697878,1.0,2025,9
2025-09-04,0.3762026231714469,-0.5002149028285531,0.876417526,1.245641330240913,1.7458562330694662,0.8694387070694661,1.0,2025,9
2025-09-05,1.1188913018483508,0.8188913018483508,0.30000000000000004,1.1980173719222234,0.37912607007387256,0.07912607007387251,1.0,2025,9
2025-09-06,0.4211159052703615,-0.11780162072963846,0.538917526,0.6757806880062512,0.7935823087358898,0.2546647827358897,1.0,2025,9
2025-09-07,-0.23886248114023712,-0.7027800071402371,0.463917526,0.535646691756232,1.2384266988964692,0.7745091728964691,1.0,2025,9
2025-09-08,0.7832542571959178,0.31933673119591777,0.463917526,1.488917393947826,1.1695806627519083,0.7056631367519082,1.0,2025,9
2025-09-09,0.03031022007479689,-0.7033888979252032,0.7336991180000001,0.8580153773067984,1.5614042752320016,0.8277051572320016,1.0,2025,9
2025-09-10,0.8855084992561177,0.3673875507561177,0.5181209485,1.2302991126498304,0.8629115618937127,0.34479061339371264,1.0,2025,9
2025-09-11,0.5220466511701006,-0.1293708748298994,0.651417526,0.7569073196516275,0.8862781944815269,0.23486066848152687,1.0,2025,9
2025-09-12,0.37966534212921155,-0.3233849288707885,0.7030502710000001,0.834621255634754,1.1580061845055425,0.45495591350554243,1.0,2025,9
2025-09-13,0.5525168259981148,0.08859929999811472,0.463917526,0.7768758223955802,0.6882765223974654,0.22435899639746537,1.0,2025,9
2025-09-14,0.5805913995488748,0.08838048444887485,0.49221091510000003,0.7518454008527005,0.6634649164038257,0.17125400130382562,1.0,2025,9
2025-09-15,0.14784041593787908,0.02827404343787907,0.1195663725,0.1545613528995522,0.12628730946167313,0.006720936961673113,1.0,2025,9
2025-09-16,0.06936757757158168,-0.39454994842841834,0.463917526,0.6045498852479891,0.9990998336764074,0.5351823076764075,1.0,2025,9
2025-09-17,0.8843065048551956,0.17180650485519558,0.7125,1.2702866029261042,1.0984800980709086,0.3859800980709086,1.0,2025,9
2025-09-18,0.40585197589202926,-0.3769092106079708,0.7827611865,1.1311603085307056,1.5080695191386764,0.7253083326386763,1.0,2025,9
2025-09-19,0.6306491217306767,0.00730976573067664,0.623339356,1.8788260575548048,1.8715162918241282,1.2481769358241281,1.0,2025,9
2025-09-20,0.5867214723813754,0.04780394638137538,0.538917526,0.916464749802317,0.8686608034209415,0.32974327742094156,1.0,2025,9
2025-09-21,0.16279833915842368,-0.30111918684157635,0.463917526,0.5171140394425604,0.8182332262841367,0.3543157002841367,1.0,2025,9
2025-09-22,0.47290012606221443,-0.27000560293778564,0.7429057290000001,0.9896553994079753,1.2596610023457608,0.5167552733457609,1.0,2025,9
2025-09-23,0.7676214443929823,0.0900786658929823,0.6775427785,1.1689212831218652,1.078842617228883,0.40129983872888286,1.0,2025,9
2025-09-24,2.016235074751134,1.392895718751134,0.623339356,2.4257820414595805,1.0328863227084466,0.40954696670844637,1.0,2025,9
2025-09-25,1.7105571834384086,1.1270732849384084,0.5834838985,2.0318366944317803,0.9047634094933719,0.3212795109933717,1.0,2025,9
2025-09-26,1.232258059869322,1.119758059869322,0.1125,1.2339784429317082,0.11422038306238624,0.0017203830623861993,1.0,2025,9
2025-09-27,1.7826706859871106,1.4076706859871106,0.375,2.000225285684345,0.5925545996972343,0.21755459969723434,1.0,2025,9
2025-09-28,0.9761674687677081,0.5122499427677081,0.463917526,1.428694966515353,0.9164450237476449,0.4525274977476449,1.0,2025,9
2025-09-29,0.6138336981719926,-0.02385362232800732,0.6376873205,1.2652398637405176,1.2890934860685248,0.6514061655685249,1.0,2025,9
2025-09-30,1.0017861765119427,0.38294251601194257,0.6188436605000001,1.5478982836021236,1.164955767590181,0.5461121070901809,1.0,2025,9
2025-10-01,0.340055188093175,-0.297632132406825,0.6376873205,1.241677439969095,1.53930957237592,0.90162225187592,1.0,2025,10
2025-10-02,1.618496556256246,1.189508353256246,0.42898820300000007,1.8152968014874293,0.6257884482311833,0.19680024523118322,1.0,2025,10
2025-10-03,1.0068646540991202,0.7818646540991202,0.225,1.1450638694225352,0.36319921532341504,0.13819921532341506,1.0,2025,10
2025-10-04,0.010320736431741005,0.010320736431741005,0.0,0.010320736431741008,3.469446951953614e-18,3.469446951953614e-18,1.0,2025,10
2025-10-05,0.1881341512186938,0.10842323611869382,0.0797109151,0.19027425379083593,0.0818510176721421,0.0021401025721421163,1.0,2025,10
2025-10-06,1.0475828051467224,0.5836652791467223,0.463917526,1.7308978528804788,1.1472325737337565,0.6833150477337564,1.0,2025,10
2025-10-07,1.5638482018024336,0.8065945083024335,0.7572536935,2.0307431116661627,1.2241486033637292,0.46689490986372917,1.0,2025,10
2025-10-08,1.9316960108338952,1.4135750628338952,0.518120948,2.1363053351395824,0.7227302723056872,0.20460932430568723,1.0,2025,10
2025-10-09,2.207023821311297,2.207023821311297,0.0,2.2070238213112967,-4.440892098500626e-16,-4.440892098500626e-16,1.0,2025,10
2025-10-10,1.9054552232398378,1.9054552232398378,0.0,1.905455223239838,2.220446049250313e-16,2.220446049250313e-16,1.0,2025,10
2025-10-11,1.6239094087671946,1.4644875787671945,0.15942183000000001,1.6517429377678192,0.18725535900062473,0.027833529000624635,1.0,2025,10
2025-10-12,1.5550614431925185,1.4050614431925186,0.15000000000000002,1.558911703801135,0.1538502606086165,0.003850260608616596,1.0,2025,10
2025-10-13,1.3268266215885898,0.7268266215885897,0.6000000000000001,1.7428429843936792,1.0160163628050896,0.41601636280508947,1.0,2025,10
2025-10-14,2.747797571022285,2.1499657080222847,0.597831863,3.218819827172937,1.0688541191506524,0.4710222561506523,1.0,2025,10
2025-10-15,2.180963127468195,1.6229867214681948,0.557976406,2.4457977428137796,0.8228110213455848,0.2648346153455847,1.0,2025,10
2025-10-16,1.6154748996423425,1.4560530696423424,0.15942183000000001,1.6323786448679731,0.17632557522563075,0.01690374522563065,1.0,2025,10
2025-10-17,2.4275854889684343,2.347874573868434,0.0797109151,2.4301085594042,0.08223398553576589,0.0025230704357657174,1.0,2025,10
2025-10-18,1.7570244231800587,1.5178916781800587,0.239132745,1.7896287519303242,0.27173707375026557,0.03260432875026553,1.0,2025,10
2025-10-19,1.1526867829002079,0.8901867829002078,0.2625,1.207516805287111,0.3173300223869032,0.054830022386903154,1.0,2025,10
2025-10-20,1.0050326385208923,0.8057553510208924,0.1992772875,1.075087875139737,0.2693325241188447,0.07005523661884472,1.0,2025,10
2025-10-21,0.9493447545239952,0.32600539852399524,0.623339356,1.3242566114762848,0.9982512129522896,0.37491185695228957,1.0,2025,10
2025-10-22,1.328498952148573,0.8645814261485731,0.463917526,2.066417533923884,1.201836107775311,0.7379185817753111,1.0,2025,10
2025-10-23,1.3916314586893779,1.0916314586893778,0.30000000000000004,1.5395419809728899,0.447910522283512,0.14791052228351198,1.0,2025,10
2025-10-24,0.5514674206678635,-0.3508601383321367,0.9023275590000002,0.9682668799404343,1.319127018272571,0.4167994592725708,1.0,2025,10
2025-10-25,0.19994998173951695,-0.11889367876048308,0.3188436605,0.2797227453687675,0.3986164241292506,0.07977276362925056,1.0,2025,10
2025-10-26,0.2869651326347379,-0.03187852786526216,0.3188436605,0.3446332489134684,0.3765117767787306,0.05766811627873053,1.0,2025,10
2025-10-27,0.46197423080176125,-0.0019432951982387495,0.463917526,1.0110471485060009,1.0129904437042396,0.5490729177042396,1.0,2025,10
2025-10-28,0.6553448296111473,0.1914273036111473,0.463917526,1.0187820906751104,0.827354787063963,0.3634372610639631,1.0,2025,10
2025-10-29,1.6911300869561336,1.2272125609561335,0.463917526,1.8029849682098387,0.5757724072537052,0.11185488125370502,1.0,2025,10
2025-10-30,1.6004034308516566,1.1364859048516565,0.463917526,1.9275963156637608,0.7911104108121043,0.3271928848121042,1.0,2025,10
2025-10-31,1.178729617797537,1.178729617797537,0.0,1.1787296177975366,-4.440892098500626e-16,-4.440892098500626e-16,1.0,2025,10
2025-11-01,0.7061344955808753,0.2422169695808752,0.463917526,0.8960542466430134,0.6538372770621381,0.1899197510621381,1.0,2025,11
2025-11-02,1.475454479440404,1.475454479440404,0.0,1.4754544794404043,2.220446049250313e-16,2.220446049250313e-16,1.0,2025,11
2025-11-03,1.2124332690572277,1.0530114390572276,0.15942183000000001,1.2240177183685195,0.17100627931129186,0.011584449311291767,1.0,2025,11
2025-11-04,0.7480287839255215,0.2841112579255215,0.463917526,1.0543035297386965,0.770192271813175,0.30627474581317493,1.0,2025,11
2025-11-05,1.1437944948131427,0.7452399193131426,0.3985545755,1.2349819558238753,0.48974203651073267,0.0911874610107326,1.0,2025,11
2025-11-06,2.701074926911435,2.237157400911435,0.463917526,2.845122969057761,0.6079655681463261,0.14404804214632616,1.0,2025,11
2025-11-07,0.923797483238114,0.923797483238114,0.0,0.9237974832381144,4.440892098500626e-16,4.440892098500626e-16,1.0,2025,11
2025-11-08,1.4554499251294293,1.4554499251294293,0.0,1.4554499251294288,-4.440892098500626e-16,-4.440892098500626e-16,1.0,2025,11
2025-11-09,1.7246889304057191,1.7246889304057191,0.0,1.7246889304057185,-6.661338147750939e-16,-6.661338147750939e-16,1.0,2025,11
2025-11-10,1.3568917932519013,1.3568917932519013,0.0,1.3568917932519011,-2.220446049250313e-16,-2.220446049250313e-16,1.0,2025,11
2025-11-11,1.5727190339110333,1.5727190339110333,0.0,1.5727190339110328,-4.440892098500626e-16,-4.440892098500626e-16,1.0,2025,11
2025-11-12,1.158394422502708,1.041183507402708,0.1172109151,1.1605470209721174,0.11936351356940933,0.0021525984694092948,1.0,2025,11
2025-11-13,0.9672281241203514,0.5033105981203514,0.463917526,1.419571243371682,0.9162606452513307,0.45234311925133064,1.0,2025,11
2025-11-14,2.117129252602973,2.117129252602973,0.0,2.1171292526029735,4.440892098500626e-16,4.440892098500626e-16,1.0,2025,11
2025-11-15,1.9971951254281874,1.9971951254281874,0.0,1.997195125428187,-4.440892098500626e-16,-4.440892098500626e-16,1.0,2025,11
2025-11-16,2.1045246345670443,2.1045246345670443,0.0,2.1045246345670447,4.440892098500626e-16,4.440892098500626e-16,1.0,2025,11
2025-11-17,1.4079964010379566,1.3282854859379567,0.0797109151,1.4146822452331824,0.08639675929522572,0.006685844195225776,1.0,2025,11
2025-11-18,1.89139711806182,1.53269800006182,0.35869911800000004,1.9296451757879096,0.3969471757260896,0.038248057726089524,1.0,2025,11
2025-11-19,2.4054595239390637,2.4054595239390637,0.0,2.4054595239390633,-4.440892098500626e-16,-4.440892098500626e-16,1.0,2025,11
2025-11-20,2.9412546410411866,2.4773371150411867,0.463917526,3.0746779554534154,0.5973408404122287,0.13342331441222877,1.0,2025,11
2025-11-21,2.033980750630975,1.476004344630975,0.557976406,2.4761082064179876,1.0001038617870126,0.44212745578701274,1.0,2025,11
2025-11-22,1.91297229202126,1.91297229202126,0.0,1.9129722920212597,-2.220446049250313e-16,-2.220446049250313e-16,1.0,2025,11
2025-11-23,1.7707316334068512,1.7707316334068512,0.0,1.7707316334068515,2.220446049250313e-16,2.220446049250313e-16,1.0,2025,11
2025-11-24,2.0621160899216204,1.5981985639216205,0.463917526,2.47211682662367,0.8739182627020496,0.41000073670204973,1.0,2025,11
2025-11-25,2.0830155788709845,1.6190980528709846,0.463917526,2.387212915374409,0.7681148625034244,0.3041973365034245,1.0,2025,11
2025-11-26,2.4940901882806306,2.0301726622806306,0.463917526,3.075809112721211,1.0456364504405804,0.5817189244405805,1.0,2025,11
2025-11-27,2.1520908154828375,2.1520908154828375,0.0,2.1520908154828375,0.0,0.0,1.0,2025,11
2025-11-28,1.5947666942743823,1.4447666942743824,0.15000000000000002,1.603040185425359,0.15827349115097666,0.008273491150976753,1.0,2025,11
2025-11-29,1.840580285010035,1.840580285010035,0.0,1.8405802850100348,-2.220446049250313e-16,-2.220446049250313e-16,1.0,2025,11
2025-11-30,2.4279795587685116,2.4279795587685116,0.0,2.4279795587685102,-1.3322676295501878e-15,-1.3322676295501878e-15,1.0,2025,11
2025-12-01,1.5485137149418797,1.5485137149418797,0.0,1.54851371494188,2.220446049250313e-16,2.220446049250313e-16,1.0,2025,12
2025-12-02,1.9011442562065004,1.4372267302065005,0.463917526,2.1730335500969074,0.7358068198904069,0.27188929389040695,1.0,2025,12
2025-12-03,2.0906201964258577,1.6267026704258578,0.463917526,2.4366065769980585,0.8099039065722007,0.34598638057220077,1.0,2025,12
2025-12-04,2.6021019038728763,2.283258243372876,0.3188436605,2.6679490105091794,0.38469076713630335,0.06584710663630311,1.0,2025,12
2025-12-05,2.232124188283402,1.7937141552834022,0.43841003300000003,2.329745825427211,0.5360316701438088,0.097621637143809,1.0,2025,12
2025-12-06,1.7005366091134813,1.7005366091134813,0.0,1.700536609113481,-2.220446049250313e-16,-2.220446049250313e-16,1.0,2025,12
2025-12-07,1.657039743512482,1.657039743512482,0.0,1.657039743512482,0.0,0.0,1.0,2025,12
2025-12-08,1.3554605730454667,0.8915430470454667,0.463917526,1.6446338757511993,0.7530908287057326,0.2891733027057326,1.0,2025,12
2025-12-09,1.3069793007615262,1.3069793007615262,0.0,1.3069793007615262,0.0,0.0,1.0,2025,12
2025-12-10,1.9795229216845476,1.5156053956845477,0.463917526,2.120178895803903,0.6045735001193555,0.1406559741193556,1.0,2025,12
2025-12-11,2.817237973073583,2.817237973073583,0.0,2.817237973073584,8.881784197001252e-16,8.881784197001252e-16,1.0,2025,12
2025-12-12,2.6155223989194565,2.6155223989194565,0.0,2.615522398919456,-4.440892098500626e-16,-4.440892098500626e-16,1.0,2025,12
2025-12-13,2.319510527491407,2.319510527491407,0.0,2.3195105274914076,4.440892098500626e-16,4.440892098500626e-16,1.0,2025,12
2025-12-14,2.2895573435368664,2.2895573435368664,0.0,2.289557343536866,-4.440892098500626e-16,-4.440892098500626e-16,1.0,2025,12
2025-12-15,1.9305855817121698,1.9305855817121698,0.0,1.9305855817121698,0.0,0.0,1.0,2025,12
2025-12-16,2.5610013705265335,2.1624467950265336,0.3985545755,2.583551923210584,0.4211051281840503,0.022550552684050373,1.0,2025,12
2025-12-17,1.837981772604463,1.837981772604463,0.0,1.8379817726044632,2.220446049250313e-16,2.220446049250313e-16,1.0,2025,12
2025-12-18,1.929157532289292,1.929157532289292,0.0,1.9291575322892913,-6.661338147750939e-16,-6.661338147750939e-16,1.0,2025,12
2025-12-19,1.194522771579442,0.730605245579442,0.463917526,1.589115191975453,0.858509946396011,0.39459242039601095,1.0,2025,12
2025-12-20,2.3779315829156764,2.3779315829156764,0.0,2.377931582915676,-4.440892098500626e-16,-4.440892098500626e-16,1.0,2025,12
2025-12-21,1.9901479064699585,1.9901479064699585,0.0,1.9901479064699583,-2.220446049250313e-16,-2.220446049250313e-16,1.0,2025,12
2025-12-22,1.7322851314904153,1.7322851314904153,0.0,1.7322851314904153,0.0,0.0,1.0,2025,12
2025-12-23,1.8345980942835667,1.8345980942835667,0.0,1.8345980942835667,0.0,0.0,1.0,2025,12
2025-12-24,1.8550681144602756,1.8550681144602756,0.0,1.855068114460276,4.440892098500626e-16,4.440892098500626e-16,1.0,2025,12
2025-12-25,1.4757385450973521,1.4757385450973521,0.0,1.4757385450973524,2.220446049250313e-16,2.220446049250313e-16,1.0,2025,12
2025-12-26,1.8392137942057414,1.8392137942057414,0.0,1.8392137942057405,-8.881784197001252e-16,-8.881784197001252e-16,1.0,2025,12
2025-12-27,2.25920032246275,2.25920032246275,0.0,2.2592003224627506,4.440892098500626e-16,4.440892098500626e-16,1.0,2025,12
2025-12-28,1.9093511209168272,1.9093511209168272,0.0,1.909351120916827,-2.220446049250313e-16,-2.220446049250313e-16,1.0,2025,12
2025-12-29,2.1781146475605584,2.1781146475605584,0.0,2.1781146475605584,0.0,0.0,1.0,2025,12
2025-12-30,2.3070231494353943,2.3070231494353943,0.0,2.307023149435394,-4.440892098500626e-16,-4.440892098500626e-16,1.0,2025,12
2025-12-31,2.2972077786471665,2.2972077786471665,0.0,2.2972077786471665,0.0,0.0,1.0,2025,12
2026-01-01,1.5527278034250216,1.0888102774250217,0.463917526,1.6362991760883385,0.5474888986633168,0.08357137266331693,1.0,2026,1
2026-01-02,1.7537859630338932,1.289868437033893,0.463917526,2.0255150265195883,0.7356465894856952,0.27172906348569503,1.0,2026,1
2026-01-03,1.9442055852893798,1.9442055852893798,0.0,1.9442055852893798,0.0,0.0,1.0,2026,1
2026-01-04,2.7852779514999426,2.7852779514999426,0.0,2.785277951499942,-4.440892098500626e-16,-4.440892098500626e-16,1.0,2026,1
2026-01-05,3.446090969722642,2.982173443722642,0.463917526,3.992671702676743,1.010498258954101,0.546580732954101,1.0,2026,1
2026-01-06,3.868760404929372,3.589772201929372,0.27898820300000005,3.910642259876499,0.3208700579471273,0.04188185494712737,1.0,2026,1
2026-01-07,2.5043187131257785,2.4668187131257784,0.037500000000000006,2.5044432117635758,0.03762449863779738,0.00012449863779728787,1.0,2026,1
2026-01-08,3.8485389726670474,3.3846214466670475,0.463917526,4.2993983851279625,0.914776938460915,0.4508594124609151,1.0,2026,1
2026-01-09,2.2547533568314795,2.2547533568314795,0.0,2.254753356831479,-4.440892098500626e-16,-4.440892098500626e-16,1.0,2026,1
2026-01-10,2.9575641773210277,2.5075641773210275,0.45,3.019793970392301,0.5122297930712736,0.06222979307127341,1.0,2026,1
2026-01-11,3.8394557479482887,3.8394557479482887,0.0,3.839455747948289,4.440892098500626e-16,4.440892098500626e-16,1.0,2026,1
2026-01-12,2.2443169831477316,2.2443169831477316,0.0,2.2443169831477316,0.0,0.0,1.0,2026,1
2026-01-13,1.9255939722232898,1.9255939722232898,0.0,1.92559397222329,2.220446049250313e-16,2.220446049250313e-16,1.0,2026,1
2026-01-14,2.49981847681979,2.0359009508197903,0.463917526,2.659392409645186,0.6234914588253959,0.159573932825396,1.0,2026,1
2026-01-15,3.047930551661473,3.047930551661473,0.0,3.047930551661472,-8.881784197001252e-16,-8.881784197001252e-16,1.0,2026,1
2026-01-16,2.746689583825512,2.282772057825512,0.463917526,2.9799221405048386,0.6971500826793267,0.23323255667932674,1.0,2026,1
2026-01-17,2.833330288642707,2.833330288642707,0.0,2.833330288642706,-1.3322676295501878e-15,-1.3322676295501878e-15,1.0,2026,1
2026-01-18,3.2783383830226995,3.2783383830226995,0.0,3.2783383830226995,0.0,0.0,1.0,2026,1
2026-01-19,2.139123059939411,1.6752055339394107,0.463917526,2.3783165003951536,0.7031109664557429,0.23919344045574276,1.0,2026,1
2026-01-20,2.8767494755791985,2.5180503580791984,0.35869911750000005,2.924372219913523,0.4063218618343245,0.04762274433432445,1.0,2026,1
2026-01-21,2.0531918180971944,1.9336254455971944,0.1195663725,2.062575786306727,0.1289503407095327,0.00938396820953269,1.0,2026,1
2026-01-22,2.9134876001736423,2.838487600173642,0.07500000000000001,2.914011823748232,0.0755242235745901,0.0005242235745899215,1.0,2026,1
2026-01-23,2.3285281161971434,2.253528116197143,0.07500000000000001,2.329156887828353,0.07562877163120962,0.000628771631209446,1.0,2026,1
2026-01-24,2.376159082723273,2.376159082723273,0.0,2.376159082723274,8.881784197001252e-16,8.881784197001252e-16,1.0,2026,1
2026-01-25,2.5790738386756638,2.5790738386756638,0.0,2.579073838675662,-1.7763568394002505e-15,-1.7763568394002505e-15,1.0,2026,1
2026-01-26,2.4499547200101284,1.9860371940101282,0.463917526,2.617692819170186,0.6316556251600576,0.16773809916005744,1.0,2026,1
2026-01-27,2.423434175516327,2.423434175516327,0.0,2.4234341755163276,4.440892098500626e-16,4.440892098500626e-16,1.0,2026,1
2026-01-28,3.8626117203404755,3.3986941943404756,0.463917526,3.9603454304222456,0.56165123608177,0.09773371008177012,1.0,2026,1
2026-01-29,3.7991940330766014,3.4006394575766015,0.3985545755,3.846635458792896,0.4459960012162947,0.04744142571629473,1.0,2026,1
2026-01-30,2.934862367315455,2.934862367315455,0.0,2.9348623673154552,4.440892098500626e-16,4.440892098500626e-16,1.0,2026,1
2026-01-31,2.4971174426283897,2.4971174426283897,0.0,2.4971174426283906,8.881784197001252e-16,8.881784197001252e-16,1.0,2026,1
2026-02-01,1.7484537934879194,1.7484537934879194,0.0,1.748453793487919,-4.440892098500626e-16,-4.440892098500626e-16,1.0,2026,2
2026-02-02,1.9659363052644587,1.9659363052644587,0.0,1.965936305264459,2.220446049250313e-16,2.220446049250313e-16,1.0,2026,2
2026-02-03,1.8862014067619757,1.6987014067619757,0.1875,1.8913439731734747,0.19264256641149902,0.005142566411499017,1.0,2026,2
2026-02-04,1.8197521980618931,1.8197521980618931,0.0,1.819752198061893,-2.220446049250313e-16,-2.220446049250313e-16,1.0,2026,2
2026-02-05,3.0843877440736382,2.9343877440736383,0.15000000000000002,3.089015546710759,0.15462780263712084,0.004627802637120926,1.0,2026,2
2026-02-06,2.642813972988892,2.605313972988892,0.037500000000000006,2.643031476612631,0.037717503623738935,0.00021750362373884613,1.0,2026,2
2026-02-07,2.428464780181655,2.428464780181655,0.0,2.4284647801816543,-4.440892098500626e-16,-4.440892098500626e-16,1.0,2026,2
2026-02-08,1.7519140179733297,1.7519140179733297,0.0,1.751914017973329,-6.661338147750939e-16,-6.661338147750939e-16,1.0,2026,2
2026-02-09,1.725511386131596,1.2615938601315961,0.463917526,1.871954974415765,0.610361114284169,0.14644358828416904,1.0,2026,2
2026-02-10,2.1076424914590963,2.1076424914590963,0.0,2.1076424914590968,4.440892098500626e-16,4.440892098500626e-16,1.0,2026,2
2026-02-11,2.0854176464923717,2.0854176464923717,0.0,2.0854176464923713,-4.440892098500626e-16,-4.440892098500626e-16,1.0,2026,2
2026-02-12,1.9246678709412512,1.9246678709412512,0.0,1.9246678709412515,2.220446049250313e-16,2.220446049250313e-16,1.0,2026,2
2026-02-13,1.244702122237027,0.9657139192370268,0.27898820300000005,1.2781253310162857,0.3124114117792589,0.03342320877925875,1.0,2026,2
2026-02-14,1.612873291929371,1.3737405469293709,0.239132745,1.6349480826577416,0.26120753572837074,0.022074790728370708,1.0,2026,2
2026-02-15,1.4466621606449226,1.4466621606449226,0.0,1.4466621606449228,2.220446049250313e-16,2.220446049250313e-16,1.0,2026,2
2026-02-16,1.3580669319630279,1.3580669319630279,0.0,1.3580669319630279,0.0,0.0,1.0,2026,2
2026-02-17,1.0080900393623469,0.7291018363623468,0.27898820300000005,1.0504298521620943,0.32132801579974746,0.04233981279974741,1.0,2026,2
2026-02-18,1.6272107857941804,1.6272107857941804,0.0,1.627210785794181,6.661338147750939e-16,6.661338147750939e-16,1.0,2026,2
2026-02-19,2.6929209702919543,2.5804209702919545,0.1125,2.699953145607493,0.1195321753155385,0.00703217531553868,1.0,2026,2
2026-02-20,1.6698456292163764,1.6698456292163764,0.0,1.6698456292163764,0.0,0.0,1.0,2026,2
2026-02-21,0.9262216088521549,0.6472334058521548,0.27898820300000005,0.9636309055932442,0.3163974997410893,0.03740929674108928,1.0,2026,2
2026-02-22,0.8531822915841324,0.8531822915841324,0.0,0.8531822915841324,0.0,0.0,1.0,2026,2
2026-02-23,0.6311182115823559,0.0547006855823559,0.5764175260000001,0.9491683952522689,0.8944677096699131,0.318050183669913,1.0,2026,2
2026-02-24,1.4774853263059766,1.4024853263059767,0.07500000000000001,1.478904957208009,0.07641963090203241,0.0014196309020324538,1.0,2026,2
2026-02-25,1.1496721444940954,0.8121721444940954,0.3375,1.21012588371912,0.39795373922502464,0.060453739225024616,1.0,2026,2
2026-02-26,0.754492350371047,0.3419923503710469,0.41250000000000003,0.9471330319543707,0.6051406815833238,0.1926406815833237,1.0,2026,2
2026-02-27,0.4537899731981637,-0.010127552801836312,0.463917526,0.6863125893726127,0.696440142174449,0.23252261617444903,1.0,2026,2
2026-02-28,0.774444900497351,0.31052737449735107,0.463917526,1.0414599951520984,0.7309326206547473,0.2670150946547474,1.0,2026,2
2026-03-01,0.4163421012190975,-0.047575424780902556,0.463917526,0.712956962957567,0.7605323877384697,0.29661486173846957,1.0,2026,3
2026-03-02,0.5358591251457802,-0.08748023085421984,0.623339356,1.0800678331438665,1.1675480639980862,0.5442087079980863,1.0,2026,3
2026-03-03,0.6621166120067701,-0.08078911699323005,0.7429057290000001,1.3543544920693389,1.4351436090625689,0.6922378800625688,1.0,2026,3
2026-03-04,1.0074564223884122,0.22469523588841211,0.7827611865,2.463578943540119,2.238883707651707,1.4561225211517068,1.0,2026,3
2026-03-05,0.4865138083141818,0.02259628231418177,0.463917526,1.4387839215679574,1.4161876392537756,0.9522701132537756,1.0,2026,3
2026-03-06,1.0873149196885616,0.5436864785885617,0.5436284411,1.6209228119581307,1.077236333369569,0.5336078922695691,1.0,2026,3
2026-03-07,0.6849312190564495,0.22101369305644947,0.463917526,1.488473504403557,1.2674598113471076,0.8035422853471076,1.0,2026,3
2026-03-08,1.6118789555442223,1.1479614295442222,0.463917526,2.5618935342684157,1.4139321047241935,0.9500145787241934,1.0,2026,3
2026-03-09,1.1990082182096817,0.4162470317096817,0.7827611865,1.9832673370778486,1.567020305368167,0.7842591188681669,1.0,2026,3
2026-03-10,1.7770428892673227,1.5145428892673227,0.2625,1.8251682546020598,0.31062536533473706,0.0481253653347371,1.0,2026,3
2026-03-11,0.9731736974069098,0.5092561714069098,0.463917526,1.591527804827262,1.0822716334203522,0.6183541074203522,1.0,2026,3
2026-03-12,0.8532714471759685,0.38935392117596845,0.463917526,1.3148584810226702,0.9255045598467018,0.46158703384670174,1.0,2026,3
2026-03-13,0.25925802109780893,-0.27965950490219105,0.538917526,1.0567070801550376,1.3363665850572286,0.7974490590572286,1.0,2026,3
2026-03-14,1.8272065937885302,1.5272065937885302,0.30000000000000004,1.8830748763566005,0.35586828256807035,0.055868282568070304,1.0,2026,3
2026-03-15,1.4735122361310364,1.0095947101310363,0.463917526,1.8030948313564459,0.7935001212254096,0.32958259522540945,1.0,2026,3
2026-03-16,0.6976842824978391,-0.17873324350216094,0.876417526,1.7514901415909374,1.9302233850930983,1.0538058590930983,1.0,2026,3
2026-03-17,1.0236794147099917,0.4401955162099916,0.5834838985,1.4063045840548782,0.9661090678448867,0.38262516934488655,1.0,2026,3
2026-03-18,0.03563900277644,-0.42827852322356,0.463917526,0.9449361013338582,1.3732146245574182,0.9092970985574182,1.0,2026,3
2026-03-19,0.7272837353122711,0.10394437931227103,0.623339356,1.6903625417526666,1.5864181624403957,0.9630788064403956,1.0,2026,3
2026-03-20,1.3225280693540493,0.6593332558540493,0.6631948135000001,1.9262740275361052,1.266940771682056,0.6037459581820559,1.0,2026,3
2026-03-21,1.1138953861830414,0.6499778601830413,0.463917526,1.752448045017937,1.1024701848348957,0.6385526588348955,1.0,2026,3
2026-03-22,0.3282559821030504,-0.13566154389694962,0.463917526,1.2460803516906935,1.381741895587643,0.9178243695876431,1.0,2026,3
2026-03-23,0.1798866395479397,-0.5231636314520604,0.7030502710000001,1.1624474038986268,1.685611035350687,0.9825607643506871,1.0,2026,3
2026-03-24,0.725474211038131,0.261556685038131,0.463917526,1.2963720204903644,1.0348153354522334,0.5708978094522333,1.0,2026,3
2026-03-25,0.16694118570863242,-0.2969763402913676,0.463917526,0.7933794195855558,1.0903557598769233,0.6264382338769234,1.0,2026,3
2026-03-26,1.0684660883822672,0.4849821898822672,0.5834838985,1.9002837840924858,1.4153015942102185,0.8318176957102186,1.0,2026,3
2026-03-27,1.3743050754135688,0.7908211769135687,0.5834838985,1.6726580571695215,0.8818368802559529,0.2983529817559527,1.0,2026,3
2026-03-28,0.3294767437317543,-0.13444078226824577,0.463917526,1.0618900046255335,1.1963307868937794,0.7324132608937792,1.0,2026,3
2026-03-29,1.0111928599712727,0.43477533397127266,0.5764175260000001,1.534891473117115,1.1001161391458423,0.5236986131458423,1.0,2026,3
2026-03-30,-0.11827769941270483,-1.1234682089627048,1.00519050955,0.8252102061287167,1.9486784150914214,0.9434879055414215,1.0,2026,3
2026-03-31,0.7930052966390466,0.12981048313904656,0.6631948135000001,1.2525213068285186,1.122710823689472,0.45951601018947197,1.0,2026,3
2026-04-01,0.8867316278773942,0.11788796737739424,0.7688436605,1.1472543373110828,1.0293663699336886,0.2605227094336886,1.0,2026,4
2026-04-02,2.5492151458835823,2.2117151458835824,0.3375,2.6309178285964787,0.4192026827128963,0.08170268271289638,1.0,2026,4
2026-04-03,0.6111450517324788,0.027661153232478766,0.5834838985,1.157729922367137,1.130068769134658,0.5465848706346581,1.0,2026,4
2026-04-04,-0.10573363183137252,-0.8486393608313726,0.7429057290000001,0.5195423016854371,1.3681816625168097,0.6252759335168097,1.0,2026,4
2026-04-05,-0.12637112998907074,-0.5902886559890708,0.463917526,0.8285889307645407,1.4188775867536114,0.9549600607536114,1.0,2026,4
2026-04-06,0.10787529203369245,-0.3560422339663076,0.463917526,1.6164228446728268,1.9724650786391345,1.5085475526391343,1.0,2026,4
