date,cost_act,cost_ml_eval,month
2024-11-08,6.677374664007164,6.750564387121562,2024-11
2024-11-09,6.42812413858111,6.4281241385811105,2024-11
2024-11-10,5.980943834390938,5.980943834390935,2024-11
2024-11-11,4.968124160067857,5.055302994954698,2024-11
2024-11-12,3.500143439384753,3.568561827213294,2024-11
2024-11-13,5.188118660035195,5.188118660035194,2024-11
2024-11-14,6.727552259827231,6.849871602774332,2024-11
2024-11-15,6.687643158883722,6.68764315888372,2024-11
2024-11-16,4.962108200600867,4.965936189483239,2024-11
2024-11-17,4.459323382252432,4.563549869570174,2024-11
2024-11-18,4.11458641302632,4.11652991082135,2024-11
2024-11-19,4.5989972737968055,4.598997273796806,2024-11
2024-11-20,5.027702252796554,5.088802013226486,2024-11
2024-11-21,5.025585557839096,5.025585557839096,2024-11
2024-11-22,6.60256377131836,6.60256377131836,2024-11
2024-11-23,4.639193938709245,4.6391939387092425,2024-11
2024-11-24,3.969092201591635,3.969781198590174,2024-11
2024-11-25,3.3566520910746336,3.580673921120543,2024-11
2024-11-26,3.629343141954184,3.629976068122886,2024-11
2024-11-27,5.278555910248083,5.2789169432002705,2024-11
2024-11-28,4.45207070990899,4.6966260148281735,2024-11
2024-11-29,4.709597873550094,4.82213643740649,2024-11
2024-11-30,5.70985848457372,5.7108109964076075,2024-11
2024-12-01,5.510441954327209,5.510441954327206,2024-12
2024-12-02,4.296047709053975,4.299058580175982,2024-12
2024-12-03,4.207013569037944,4.208039117107888,2024-12
2024-12-04,5.406976729915267,5.5076728683419764,2024-12
2024-12-05,4.506847754448502,4.507214417577476,2024-12
2024-12-06,4.10049506938597,4.4159910354053125,2024-12
2024-12-07,4.281455520250007,4.292085560838772,2024-12
2024-12-08,5.827698992061912,5.8276989920619116,2024-12
2024-12-09,4.641473452779294,4.643157506086512,2024-12
2024-12-10,4.517302627362026,4.517536494554175,2024-12
2024-12-11,9.209427751793779,9.479614724411881,2024-12
2024-12-12,5.18314617818897,6.286074302762246,2024-12
2024-12-13,11.270279956344435,11.341088298368376,2024-12
2024-12-14,5.636089372445164,5.636089372445164,2024-12
2024-12-15,5.819600571607756,5.819600571607756,2024-12
2024-12-16,4.917418156658262,5.19854805237426,2024-12
2024-12-17,3.9504044682062482,3.9504044682062482,2024-12
2024-12-18,3.786151400029341,3.786825960254784,2024-12
2024-12-19,4.8711941221737405,4.872009523733073,2024-12
2024-12-20,6.017760027684293,6.018089853891674,2024-12
2024-12-21,3.3301653726785823,3.3301653726785827,2024-12
2024-12-22,4.674835873958633,4.674835873958633,2024-12
2024-12-23,5.372444176930751,5.620223784812716,2024-12
2024-12-24,9.86924659307341,9.869246593073408,2024-12
2024-12-25,5.95604546436452,5.956045464364518,2024-12
2024-12-26,4.802098982928031,4.802098982928032,2024-12
2024-12-27,7.251602394980849,7.251602394980848,2024-12
2024-12-28,5.200655630530815,5.201055242311201,2024-12
2024-12-29,4.67038851259823,4.690949631437596,2024-12
2024-12-30,6.696279214969883,6.6962792149698815,2024-12
2024-12-31,4.054919117731494,4.054919117731493,2024-12
2025-01-01,3.7830910244980767,3.783091024498077,2025-01
2025-01-02,4.833995529652792,4.834615810542344,2025-01
2025-01-03,6.543135213978433,6.543135213978431,2025-01
2025-01-04,5.382897822368008,5.549017127884454,2025-01
2025-01-05,3.9107201107216065,3.9107201107216065,2025-01
2025-01-06,4.0823612385313375,4.0823612385313375,2025-01
2025-01-07,5.12963274005379,5.291191191492358,2025-01
2025-01-08,4.867007332521635,4.867630616222174,2025-01
2025-01-09,5.376235836843318,5.376235836843317,2025-01
2025-01-10,7.4822022783410365,7.492985657683477,2025-01
2025-01-11,5.734071823541031,5.734071823541033,2025-01
2025-01-12,7.454630502685738,7.502228542426211,2025-01
2025-01-13,5.226827782532676,5.286119444489092,2025-01
2025-01-14,8.725587060084514,8.906604311659462,2025-01
2025-01-15,7.076175932927338,7.5704271075612715,2025-01
2025-01-16,5.575433813255147,5.577541420878541,2025-01
2025-01-17,7.279446184351403,7.281744006347113,2025-01
2025-01-18,7.021214781271311,7.021214781271311,2025-01
2025-01-19,7.003730259559205,7.0037302595592035,2025-01
2025-01-20,5.575095860583613,6.61273586683061,2025-01
2025-01-21,5.414635497919611,5.420660389704258,2025-01
2025-01-22,5.583803475574639,5.58738517787768,2025-01
2025-01-23,4.491921335124492,4.49364815892298,2025-01
2025-01-24,6.360594917884124,6.360594917884123,2025-01
2025-01-25,5.062466991263645,5.062466991263645,2025-01
2025-01-26,5.647232048418132,5.647232048418132,2025-01
2025-01-27,2.4620937984874334,2.463369870671851,2025-01
2025-01-28,4.896823980695535,4.897168280603964,2025-01
2025-01-29,5.723264163712715,5.723264163712713,2025-01
2025-01-30,3.4649477240695057,3.4649477240695052,2025-01
2025-01-31,5.294236068894407,5.294236068894406,2025-01
2025-02-01,5.746747808375043,5.841278134783702,2025-02
2025-02-02,4.466908302032077,4.741640336859769,2025-02
2025-02-03,5.6845233003698015,5.731274867361633,2025-02
2025-02-04,6.521570507089145,6.643407181854327,2025-02
2025-02-05,4.1486719864201005,4.148671986420103,2025-02
2025-02-06,3.209584100077355,3.4158080174439878,2025-02
2025-02-07,4.198196164231263,4.200895351221241,2025-02
2025-02-08,4.852143437672395,4.935759699344184,2025-02
2025-02-09,9.366491182304278,9.366491182304282,2025-02
2025-02-10,7.83484268994706,7.835394031743645,2025-02
2025-02-11,6.880690495302905,6.882724683689444,2025-02
2025-02-12,6.910093163397725,6.911846731864111,2025-02
2025-02-13,7.748218313997415,7.748218313997418,2025-02
2025-02-14,5.136048949333174,5.282942471492133,2025-02
2025-02-15,7.2487024439974395,7.248702443997438,2025-02
2025-02-16,3.942544322973803,4.022745461490114,2025-02
2025-02-17,3.9349407888613737,4.139755294698211,2025-02
2025-02-18,2.3168730623913683,2.7578790662225043,2025-02
2025-02-19,3.743587630059683,3.8599524314589972,2025-02
2025-02-20,5.085093112707653,5.148897160157449,2025-02
2025-02-21,3.889593435895369,3.894766029104039,2025-02
2025-02-22,3.271568836717142,3.2715688367171416,2025-02
2025-02-23,4.500010876480987,4.51741505296198,2025-02
2025-02-24,4.967163489313336,5.080050910992826,2025-02
2025-02-25,4.410265644663905,4.476618605104475,2025-02
2025-02-26,3.93391970379427,4.0023019132533735,2025-02
2025-02-27,5.8777097162196945,5.88190452498596,2025-02
2025-02-28,4.395082252381549,4.6337113147846,2025-02
2025-03-01,9.374495602704416,9.378690779840554,2025-03
2025-03-02,3.829197242548588,4.056298278666688,2025-03
2025-03-03,1.69241967403002,2.2979377919556527,2025-03
2025-03-04,2.9780509746135553,3.491615911800788,2025-03
2025-03-05,2.986749658608749,3.3006615845431932,2025-03
2025-03-06,3.6445178434544583,3.9654750307852717,2025-03
2025-03-07,2.5464109020446326,3.1210011153942316,2025-03
2025-03-08,2.406595649253682,2.6701160508706927,2025-03
2025-03-09,2.1921558558197294,2.5564056037680793,2025-03
2025-03-10,3.815521728107087,3.847998560252435,2025-03
2025-03-11,4.12578160311915,4.130863876036001,2025-03
2025-03-12,4.911383927474512,4.918849097502623,2025-03
2025-03-13,4.355903523343532,4.442102775442958,2025-03
2025-03-14,5.938392387166375,6.020871710960004,2025-03
2025-03-15,2.1960045126229604,2.73894906471603,2025-03
2025-03-16,2.4354813209057014,2.6942303259635025,2025-03
2025-03-17,3.10842450526787,3.1335464651936005,2025-03
2025-03-18,2.2754277108263485,2.8082000219053844,2025-03
2025-03-19,3.532672002087248,3.803163746026516,2025-03
2025-03-20,2.7498424696898636,3.0187930134970657,2025-03
2025-03-21,3.025169934338046,3.140665820492785,2025-03
2025-03-22,2.809703272496108,2.947634530896893,2025-03
2025-03-23,4.082914501448094,4.278097648934223,2025-03
2025-03-24,2.0662285372236715,2.333333726735718,2025-03
2025-03-25,2.2469344678795666,2.680137261918019,2025-03
2025-03-26,3.8594876868721792,3.8605764992052016,2025-03
2025-03-27,2.697720599989215,2.860683196031804,2025-03
2025-03-28,4.537843798457171,4.695287237566437,2025-03
2025-03-29,1.8779034882084074,2.4239202213506075,2025-03
2025-03-31,2.44086733206644,2.836589177296263,2025-03
2025-04-01,1.7747449859053928,2.2064009294744205,2025-04
2025-04-02,2.6704160546739666,2.837145556900756,2025-04
2025-04-03,2.791737203034913,3.0523646575301484,2025-04
2025-04-04,2.945015003085239,3.413209602562948,2025-04
2025-04-05,2.6384754305532,3.0042842442616293,2025-04
2025-04-06,1.7598656493366767,2.1342899473147363,2025-04
2025-04-07,1.9729589981511229,2.348143241590124,2025-04
2025-04-08,2.077170475414092,2.261452964368252,2025-04
2025-04-09,2.0163031531655755,2.142176001054964,2025-04
2025-04-10,3.021345833073286,3.100321773012129,2025-04
2025-04-11,2.1254911850351985,2.653061094486108,2025-04
2025-04-12,2.261773694910627,2.5643898208713676,2025-04
2025-04-13,3.130188646470136,3.418518120650482,2025-04
2025-04-14,1.6880221093202905,1.9882705614510825,2025-04
2025-04-15,2.8424245272028164,3.2048795406567154,2025-04
2025-04-16,3.790933651780624,3.9321289105868114,2025-04
2025-04-17,4.455452542947968,4.521183120873766,2025-04
2025-04-18,2.212466554755649,2.5566948879728524,2025-04
2025-04-19,1.652076449707634,1.9445693642541149,2025-04
2025-04-20,4.85254803858263,5.016886557532118,2025-04
2025-04-21,2.943245099641985,3.1786063557527178,2025-04
2025-04-22,2.3276068177388773,2.6256858672884107,2025-04
2025-04-23,2.857292970338198,3.016984285961056,2025-04
2025-04-24,3.6993346485526515,3.705379741131595,2025-04
2025-04-25,2.810878733413719,3.336571846950249,2025-04
2025-04-26,2.207244794383475,2.629207751161261,2025-04
2025-04-27,2.3183488784072086,2.885638990343856,2025-04
2025-04-28,1.6192079398056696,1.948797242831429,2025-04
2025-04-29,2.082400871796016,2.3028220637655075,2025-04
2025-04-30,1.9790734600583944,2.1554749243346354,2025-04
2025-05-01,1.7713026301086188,2.0096538758455624,2025-05
2025-05-02,2.9461722843890983,3.148993471156624,2025-05
2025-05-03,2.976746016799137,3.0254392394467273,2025-05
2025-05-04,2.1232746256681936,2.3303764209411337,2025-05
2025-05-05,2.130502085798673,2.2644608779857025,2025-05
2025-05-06,1.5165369556182764,1.8139089565441384,2025-05
2025-05-07,2.334811018230535,2.727770105598932,2025-05
2025-05-08,1.9984745450194352,2.266921186448046,2025-05
2025-05-09,2.629881930664462,2.9591270763692274,2025-05
2025-05-10,2.0172785942449973,2.2590137036958304,2025-05
2025-05-11,-0.635673677892502,1.4523064871586717,2025-05
2025-05-12,1.5856452898922617,2.0000191577800575,2025-05
2025-05-13,1.6277097287960178,1.8563242349294096,2025-05
2025-05-14,1.6926262677174135,2.000949847495921,2025-05
2025-05-15,3.1920314152314333,3.313692066083413,2025-05
2025-05-16,2.0450142983944843,2.3768320053129246,2025-05
2025-05-17,1.5018595444514204,1.698378494810892,2025-05
2025-05-18,2.4232631138760534,2.667772782729752,2025-05
2025-05-19,1.9284241625294372,2.0678181376072278,2025-05
2025-05-20,2.0714748691337443,2.307431017114171,2025-05
2025-05-21,1.4745728928450896,1.7462895296701668,2025-05
2025-05-22,2.28192933925226,2.754572989381769,2025-05
2025-05-23,2.314615198779857,2.712849003325255,2025-05
2025-05-24,4.699434946299979,4.761787212616484,2025-05
2025-05-25,2.0501186898302826,2.17966003576481,2025-05
2025-05-26,1.717338685469,1.987205824729525,2025-05
2025-05-27,2.2385105731302364,2.4136408769014506,2025-05
2025-05-28,3.0094268431612816,3.3086192317045686,2025-05
2025-05-29,2.522577721392677,2.6031333575223674,2025-05
2025-05-30,1.6656172967733895,1.9747703583252396,2025-05
2025-05-31,2.301071479072651,2.554493621867465,2025-05
2025-06-01,3.8430590424908155,3.9204291450193813,2025-06
2025-06-02,1.9860915294835861,2.424257938271177,2025-06
2025-06-03,1.886448846686743,2.1320140732722317,2025-06
2025-06-04,1.186653580473326,1.5590417872404085,2025-06
2025-06-05,3.3148938680940874,3.395735906880554,2025-06
2025-06-06,3.042754949819078,3.21698209710439,2025-06
2025-06-07,3.252081432698178,3.604436246698748,2025-06
2025-06-08,2.1251895044206672,2.3722358368156216,2025-06
2025-06-09,2.988550265246886,3.231382156629089,2025-06
2025-06-10,1.6836854457376411,1.9060072993201183,2025-06
2025-06-11,1.697851000309694,2.0224645621785697,2025-06
2025-06-12,2.1243328515150988,2.359477537727298,2025-06
2025-06-13,3.346309376014138,3.7175611859943594,2025-06
2025-06-14,3.57621619157242,3.8263491545524175,2025-06
2025-06-15,3.038951214942197,3.2011097422855945,2025-06
2025-06-16,2.3409084661749375,2.762493279211299,2025-06
2025-06-17,1.9697700020097129,2.1930255663850247,2025-06
2025-06-18,2.8298600579465614,3.0615307312803637,2025-06
2025-06-19,2.6460519000438634,2.9673059787236693,2025-06
2025-06-20,3.569994177100857,3.9621802522736953,2025-06
2025-06-21,4.160273694380958,4.3839537485221145,2025-06
2025-06-22,3.0864128027708477,3.220630627991603,2025-06
2025-06-23,1.4557031014189907,1.5839043707744234,2025-06
2025-06-24,2.7625240672456712,3.044814880233052,2025-06
2025-06-25,4.208785971167841,4.298619516336313,2025-06
2025-06-26,3.8077219983247668,3.929839731484576,2025-06
2025-06-27,2.0491448108332095,2.3601310948367744,2025-06
2025-06-28,1.2712317122146557,1.4250139467466556,2025-06
2025-06-29,0.298262692901091,0.3431418703689497,2025-06
2025-06-30,2.8720176519129406,3.2388406235814444,2025-06
2025-07-01,2.6561436544366983,3.104147185507501,2025-07
2025-07-02,5.534382309472754,5.741720733308499,2025-07
2025-07-03,2.234112859224227,2.538630795126105,2025-07
2025-07-04,1.385019295076293,1.6096963334441758,2025-07
2025-07-05,2.4263597480236436,2.5174548016349756,2025-07
2025-07-06,4.221726022250999,4.254198529560624,2025-07
2025-07-07,2.1850740217201117,2.358985569951111,2025-07
2025-07-08,1.7835603353794278,1.9058101693166514,2025-07
2025-07-09,2.3120925707197864,2.860823542940575,2025-07
2025-07-10,2.3666052135581945,2.6780401085422167,2025-07
2025-07-11,2.0562827383524973,2.228237740460121,2025-07
2025-07-12,2.2531064448411198,2.6014431997691947,2025-07
2025-07-13,2.448013404339238,2.5687401970808055,2025-07
2025-07-14,2.0970562156997854,2.4248423214634873,2025-07
2025-07-15,4.0243455802374966,4.3984750289220464,2025-07
2025-07-16,2.1590945736917018,2.4054687758492856,2025-07
2025-07-17,2.2172417802891085,2.537452248248084,2025-07
2025-07-18,2.231337902205715,2.6067183533198657,2025-07
2025-07-19,4.48410727433259,4.627324538644544,2025-07
2025-07-20,4.68616101577298,4.834682577162414,2025-07
2025-07-21,3.4819108251168327,3.9775082715010854,2025-07
2025-07-22,4.787949180590102,5.005182066978543,2025-07
2025-07-23,2.4201887212954416,2.6196176102242696,2025-07
2025-07-24,2.9039529690902897,3.285522009610452,2025-07
2025-07-25,3.5180268281491323,3.7741460773567765,2025-07
2025-07-26,6.151030795343139,6.151030795343138,2025-07
2025-07-27,4.762039854817775,4.822964113316391,2025-07
2025-07-28,2.8883092195416844,2.930937661806378,2025-07
2025-07-29,1.9011662603887276,2.147323537848583,2025-07
2025-07-30,1.4067375592062235,1.5768839540426223,2025-07
2025-07-31,4.0784275900553135,4.164118411220853,2025-07
2025-08-01,4.538428407748461,4.962104053439971,2025-08
2025-08-02,3.021681503178103,3.144221077660434,2025-08
2025-08-03,3.326844930580056,3.6364434433529236,2025-08
2025-08-04,4.13428953547725,4.384130800641499,2025-08
2025-08-05,2.0762433415563617,2.542621798708346,2025-08
2025-08-06,3.0612244652171494,3.254330511440574,2025-08
2025-08-07,2.176785874079262,2.491430915573841,2025-08
2025-08-08,4.313397506841629,4.409287698397303,2025-08
2025-08-09,3.3981185363767117,3.7205622034218813,2025-08
2025-08-10,3.292375773566536,3.6079676475542763,2025-08
2025-08-11,2.983183620354383,3.329051090339438,2025-08
2025-08-12,4.429282713858258,4.464050104059736,2025-08
2025-08-13,3.9997430290639615,4.2793795033169335,2025-08
2025-08-14,5.156388458710605,5.30745340612734,2025-08
2025-08-15,3.2667536706231917,3.524575372574541,2025-08
2025-08-16,4.48711281384257,4.487112813842571,2025-08
2025-08-17,3.222147977588893,3.562414293813289,2025-08
2025-08-18,1.980071404003592,2.1393223724735293,2025-08
2025-08-19,2.860978299854202,2.913513406844598,2025-08
2025-08-20,1.5788532512421098,1.9108237583172099,2025-08
2025-08-21,2.1530598337397264,2.3697604392965355,2025-08
2025-08-22,3.3152001482381497,3.6541668567657903,2025-08
2025-08-23,3.3786934987072703,3.739450766490659,2025-08
2025-08-24,3.655135917574702,4.0247763294196215,2025-08
2025-08-25,2.039786043229961,2.4187654041357805,2025-08
2025-08-26,2.264626226623867,2.4769917397856434,2025-08
2025-08-27,3.1723124906543627,3.4473288859280458,2025-08
2025-08-28,3.34753324833982,3.41511357270531,2025-08
2025-08-29,4.418950926403358,4.497328564928757,2025-08
2025-08-30,3.0247674283389094,3.3402475341451128,2025-08
2025-08-31,3.4684268603834654,3.557669535440754,2025-08
2025-09-01,2.3108519484315013,2.421262206472915,2025-09
2025-09-02,3.274134396751024,3.422928729674868,2025-09
2025-09-03,2.6451694336710103,2.7245556101411577,2025-09
2025-09-04,3.7782626771677306,3.9878343190499024,2025-09
2025-09-05,3.527092876656481,3.7164492037795838,2025-09
2025-09-06,2.5710230643906975,2.957208417597209,2025-09
2025-09-07,3.0535796859214552,3.34363303344315,2025-09
2025-09-08,3.5967157364627464,3.747837284873378,2025-09
2025-09-09,1.925996398703625,2.211810791401618,2025-09
2025-09-10,3.3440462990504614,3.4484373560559822,2025-09
2025-09-11,2.79536599103583,2.8960460334225475,2025-09
2025-09-12,3.324667687486945,3.5678215494544805,2025-09
2025-09-13,4.223039347936588,4.245576046979066,2025-09
2025-09-14,3.189699413804911,3.344179814180116,2025-09
2025-09-15,2.595593017359836,2.683323763725264,2025-09
2025-09-16,2.0379772919131676,2.0895872991371855,2025-09
2025-09-17,4.234012091362108,4.2647477087457295,2025-09
2025-09-18,4.083586708712078,4.289359462357339,2025-09
2025-09-19,4.8829072963292415,5.039646661245288,2025-09
2025-09-20,4.612357129468766,4.6199620496987075,2025-09
2025-09-21,2.959087877546176,2.960360581925336,2025-09
2025-09-22,3.1311311341141614,3.3466384918410337,2025-09
2025-09-23,3.1473270788806698,3.2078544769544597,2025-09
2025-09-24,7.468351692840947,7.575320979124006,2025-09
2025-09-25,6.2585466944317805,6.2585466944317805,2025-09
2025-09-26,3.510456452246729,3.621312407246388,2025-09
2025-09-27,5.816332874268329,5.856945571181832,2025-09
2025-09-28,4.158327043292807,4.400763811157679,2025-09
2025-09-29,3.0622155745434103,3.2671967686908228,2025-09
2025-09-30,3.754625502905014,3.9686765020751777,2025-09
2025-10-01,3.003469472797338,3.3154072289671515,2025-10
2025-10-02,5.294730697546968,5.418186392553761,2025-10
2025-10-03,4.270127525846764,4.270219611767344,2025-10
2025-10-04,2.0089550133054166,2.0548420872357993,2025-10
2025-10-05,3.480164983875324,3.48411933812317,2025-10
2025-10-06,4.647619484553857,4.802615611504516,2025-10
2025-10-07,4.655423970320787,4.671603925408966,2025-10
2025-10-08,5.097147146909882,5.115468434960661,2025-10
2025-10-09,5.843354788682215,5.843354788682214,2025-10
2025-10-10,5.110639977221483,5.2029671856378545,2025-10
2025-10-11,4.635522092329685,4.638204136124269,2025-10
2025-10-12,4.664606756545199,4.684082682689894,2025-10
2025-10-13,4.318252360484898,4.467808200587498,2025-10
2025-10-14,7.377309229881491,7.539484722273697,2025-10
2025-10-15,5.718989011925414,5.776058395894222,2025-10
2025-10-16,4.3203941630142735,4.349874147503466,2025-10
2025-10-17,6.321238559404198,6.3212385594042,2025-10
2025-10-18,5.033116783183495,5.037131236789905,2025-10
2025-10-19,4.175973646113277,4.283169875689223,2025-10
2025-10-20,3.8413370370817272,3.867093031495524,2025-10
2025-10-21,4.507018950012868,4.507018950012867,2025-10
2025-10-22,4.749621105468776,4.9216974839254775,2025-10
2025-10-23,5.440000550889849,5.440036542175053,2025-10
2025-10-24,4.689949348697259,4.68994934869726,2025-10
2025-10-25,3.2743990087894956,3.2743990087894934,2025-10
2025-10-26,4.578143248913469,4.578143248913468,2025-10
2025-10-27,3.6252524796222,3.775914497500875,2025-10
2025-10-28,3.4812154363327927,3.497259533276948,2025-10
2025-10-29,5.024563038912359,5.025113285634182,2025-10
2025-10-30,6.001606502329794,6.004924522786874,2025-10
2025-10-31,4.264280802577802,4.306468721841857,2025-10
2025-11-01,4.339557246643015,4.339557246643014,2025-11
2025-11-02,4.976011202093062,4.984994560601356,2025-11
2025-11-03,4.2307002964057965,4.235004399708178,2025-11
2025-11-04,3.9627847732247625,4.047279928697381,2025-11
2025-11-05,4.106215602968169,4.230076338110916,2025-11
2025-11-06,7.504414969057761,7.504414969057761,2025-11
2025-11-07,2.814719411932007,3.06154562679513,2025-11
2025-11-08,4.1032877255403,4.174093501072034,2025-11
2025-11-09,4.839497833643987,4.9254472659935775,2025-11
2025-11-10,4.0922551366223106,4.0997093532425515,2025-11
2025-11-11,5.237681033911031,5.237681033911033,2025-11
2025-11-12,3.8699293747545895,3.8809739889863097,2025-11
2025-11-13,4.90758024337168,4.907580243371683,2025-11
2025-11-14,6.492912252602974,6.492912252602974,2025-11
2025-11-15,6.182221125428188,6.182221125428187,2025-11
2025-11-16,6.254088634567046,6.254088634567045,2025-11
2025-11-17,3.923419575711375,3.997163764311824,2025-11
2025-11-18,5.08042517578791,5.0804251757879095,2025-11
2025-11-19,6.409129523939062,6.409129523939064,2025-11
2025-11-20,7.395035906489593,7.55275720875893,2025-11
2025-11-21,5.690626638615273,5.80482499276998,2025-11
2025-11-22,5.4468777032492035,5.588893456947599,2025-11
2025-11-23,5.99895463340685,5.998954633406851,2025-11
2025-11-24,6.069267852592465,6.073804193110839,2025-11
2025-11-25,5.941443788295478,5.944800798780398,2025-11
2025-11-26,6.6462097285368005,6.756933928898143,2025-11
2025-11-27,6.1606908154828375,6.1606908154828375,2025-11
2025-11-28,4.7998051854253605,4.79980518542536,2025-11
2025-11-29,5.458247594105359,5.47018313301624,2025-11
2025-11-30,7.3051095587685095,7.30510955876851,2025-11
2025-12-01,4.537765665457074,4.639106132605068,2025-12
2025-12-02,6.031693550096909,6.031693550096908,2025-12
2025-12-03,5.832662576998063,5.832662576998059,2025-12
2025-12-04,6.8238030105091765,6.823803010509179,2025-12
2025-12-05,5.874058825427212,5.874058825427212,2025-12
2025-12-06,5.880530609113483,5.880530609113481,2025-12
2025-12-07,5.943402743512484,5.9434027435124825,2025-12
2025-12-08,5.454136336263879,5.45413633626388,2025-12
2025-12-09,4.303625744099415,4.304229725369134,2025-12
2025-12-10,6.541708895803905,6.541708895803902,2025-12
2025-12-11,7.782155973073581,7.782155973073584,2025-12
2025-12-12,6.746165398919456,6.746165398919456,2025-12
2025-12-13,6.530580527491408,6.5305805274914075,2025-12
2025-12-14,6.950617343536863,6.950617343536866,2025-12
2025-12-15,5.758496525354445,5.790154993705234,2025-12
2025-12-16,6.666696923210588,6.6666969232105835,2025-12
2025-12-17,5.079320772604463,5.079320772604463,2025-12
2025-12-18,6.598054532289294,6.598054532289291,2025-12
2025-12-19,5.133550682139853,5.144121282745952,2025-12
2025-12-20,6.616643582915674,6.616643582915676,2025-12
2025-12-21,5.961381906469956,5.961381906469959,2025-12
2025-12-22,5.139408131490416,5.139408131490415,2025-12
2025-12-23,5.840444094283568,5.840444094283567,2025-12
2025-12-24,6.851648154611878,6.851648154611876,2025-12
2025-12-25,5.306603545097354,5.306603545097352,2025-12
2025-12-26,5.1381576214035425,5.175012337373208,2025-12
2025-12-27,6.537779491295979,6.556586034153381,2025-12
2025-12-28,5.419657714424331,5.419657714424329,2025-12
2025-12-29,6.05940164756056,6.059401647560559,2025-12
2025-12-30,6.707575149435393,6.707575149435394,2025-12
2025-12-31,6.636287778647168,6.6362877786471675,2025-12
2026-01-01,6.842713225781698,6.842713225781696,2026-01
2026-01-02,6.215845026519588,6.215845026519589,2026-01
2026-01-03,5.552931585289378,5.552931585289381,2026-01
2026-01-04,7.828568993329018,7.828568993329019,2026-01
2026-01-05,8.508689752563166,8.575748683677055,2026-01
2026-01-06,8.962991259876503,8.9629912598765,2026-01
2026-01-07,6.390133211763577,6.390133211763576,2026-01
2026-01-08,9.277202227326704,9.277202227326706,2026-01
2026-01-09,6.952533356831478,6.952533356831479,2026-01
2026-01-10,8.351293466867064,8.351293466867066,2026-01
2026-01-11,11.098727747948292,11.098727747948288,2026-01
2026-01-12,6.319284983147732,6.319284983147732,2026-01
2026-01-13,5.068425835905695,5.08115323320367,2026-01
2026-01-14,6.332089409645188,6.332089409645186,2026-01
2026-01-15,7.996545551661475,7.996545551661471,2026-01
2026-01-16,7.0355866445731206,7.038526296340434,2026-01
2026-01-17,6.865009336705435,6.880970267531961,2026-01
2026-01-18,8.312800039352867,8.314012799987719,2026-01
2026-01-19,5.3203586287938585,5.342768692985775,2026-01
2026-01-20,6.835222219913528,6.835222219913524,2026-01
2026-01-21,5.297165786306726,5.297165786306727,2026-01
2026-01-22,7.60866382374823,7.608663823748232,2026-01
2026-01-23,5.836911387828353,5.836911387828353,2026-01
2026-01-24,5.936311326110774,5.971723886363192,2026-01
2026-01-25,6.505294552396643,6.508518304270703,2026-01
2026-01-26,5.754783569170186,5.754783569170186,2026-01
2026-01-27,5.861382425516327,5.861382425516329,2026-01
2026-01-28,8.623241430422246,8.623241430422246,2026-01
2026-01-29,8.508337208792897,8.508337208792895,2026-01
2026-01-30,7.240932617315457,7.240932617315455,2026-01
2026-01-31,6.071102849621453,6.086628122232554,2026-01
2026-02-01,4.426022066384829,4.498291955241145,2026-02
2026-02-02,4.9336263052644584,4.933626305264459,2026-02
2026-02-03,4.9907839731734756,4.990783973173475,2026-02
2026-02-04,4.8534063851889675,4.8540986608706245,2026-02
2026-02-05,8.003545546710761,8.00354554671076,2026-02
2026-02-06,6.587201476612635,6.587201476612631,2026-02
2026-02-07,6.5555377801816554,6.5555377801816554,2026-02
2026-02-08,4.913597002208953,4.932948147655521,2026-02
2026-02-09,4.708391342022026,4.829766998447187,2026-02
2026-02-10,5.455435491459097,5.455435491459096,2026-02
2026-02-11,5.930596646492376,5.93059664649237,2026-02
2026-02-12,5.489057870941252,5.489057870941252,2026-02
2026-02-13,3.4508953310162847,3.4508953310162855,2026-02
2026-02-14,4.589716078443601,4.737727311142615,2026-02
2026-02-15,4.923553160644924,4.923553160644923,2026-02
2026-02-16,4.183577419060519,4.252391825265818,2026-02
2026-02-17,2.923447169518271,3.187630108403768,2026-02
2026-02-18,4.663926933881763,4.68271918203009,2026-02
2026-02-19,7.890903145607494,7.890903145607494,2026-02
2026-02-20,5.1350730148520904,5.135496975586108,2026-02
2026-02-21,3.845334325885387,3.845334325885386,2026-02
2026-02-22,4.145164291584133,4.145164291584132,2026-02
2026-02-23,2.89038106379106,2.9649971003468583,2026-02
2026-02-24,4.1623549572080085,4.162354957208009,2026-02
2026-02-25,3.4906218387670123,3.497885992189346,2026-02
2026-02-26,3.8290961019000864,3.9738630266098065,2026-02
2026-02-27,2.5394124637428788,2.5676863072482483,2026-02
2026-02-28,4.7193271926835205,4.720938739341035,2026-02
2026-03-01,3.1780783363440777,3.1894515920621993,2026-03
2026-03-02,3.227281577272915,3.49848928238882,2026-03
2026-03-03,3.2153431611442937,3.6075788250148313,2026-03
2026-03-04,4.117254131048473,4.4381518364080765,2026-03
2026-03-05,3.2382153154199327,3.7523756028762376,2026-03
2026-03-06,3.588349761517575,3.752571350294595,2026-03
2026-03-07,3.331843515597181,3.8483107205884437,2026-03
2026-03-08,5.871238521276855,5.961320853645573,2026-03
2026-03-09,3.8541136371597817,4.212711145884226,2026-03
2026-03-10,3.8685443640555235,4.0127318306164765,2026-03
2026-03-11,4.53727893081356,4.746644336025979,2026-03
2026-03-12,4.042550611755121,4.171213274895436,2026-03
2026-03-13,3.136370389269032,3.3031541425404543,2026-03
2026-03-14,4.437436098010606,4.6672994444467575,2026-03
2026-03-15,4.964371790027957,5.37470182834016,2026-03
2026-03-16,4.330241107717433,4.545225343863779,2026-03
2026-03-17,3.0352964291310918,3.6124284264862356,2026-03
2026-03-18,2.148254394329082,2.481895493018155,2026-03
2026-03-19,4.139864944758041,4.719841749850583,2026-03
2026-03-20,3.9264970854244288,4.360504280408056,2026-03
2026-03-21,3.8275492448968453,4.047527199805988,2026-03
2026-03-22,2.930717929725279,3.323596287094891,2026-03
2026-03-23,2.1312771250067,2.560009138749337,2026-03
2026-03-24,3.4905288224635442,3.7122923693857133,2026-03
2026-03-25,2.6704908934130653,3.128104059364083,2026-03
2026-03-26,4.565121993621659,5.023627325858647,2026-03
2026-03-27,3.692988882048226,4.009882616100215,2026-03
2026-03-28,2.8914017175039235,3.3148398557679823,2026-03
2026-03-30,2.278255666527939,2.736791899867291,2026-03
2026-03-31,3.076272736129909,3.41337616871875,2026-03
2026-04-01,2.7894227785255916,3.177586697683105,2026-04
2026-04-02,6.2704478285964775,6.270447828596479,2026-04
2026-04-03,2.701503491020424,3.0906612047219086,2026-04
2026-04-04,2.154157392587096,2.4289984211081337,2026-04
2026-04-05,4.968664904561655,5.03728709538421,2026-04
2026-04-06,3.8500834531217367,4.414168783941784,2026-04
