datum,injectie_kwh,zon_min,poa_kwh_m2,inj_per_zonuur,inj_per_poa
2024-11-01,0.179,1.16,0.5512,9.258620689655173,0.3247460087082728
2024-11-02,0.047,4.49,0.5111,0.6280623608017817,0.0919585208374095
2024-11-03,0.222,300.0,1.099,0.0444,0.20200181983621474
2024-11-04,0.205,379.94,1.2669,0.032373532663052054,0.16181229773462782
2024-11-05,0.165,300.0,1.0685,0.033,0.1544220870379036
2024-11-11,0.403,443.14,1.0846,0.05456514871146816,0.3715655541213351
2024-11-12,0.261,246.6,0.6697,0.06350364963503649,0.3897267433179036
2024-11-13,0.476,420.0,1.0848,0.06799999999999999,0.4387905604719764
2024-11-14,0.168,8.06,0.2341,1.250620347394541,0.7176420333190945
2024-11-15,0.137,224.83,0.6832,0.03656095716763777,0.20052693208430913
2024-11-17,0.101,301.44,0.8661,0.02010350318471338,0.11661470961782705
2024-11-18,0.196,342.52,0.9087,0.0343337615321733,0.2156927478815891
2024-11-20,0.331,387.26,0.9548,0.05128337550999329,0.3466694595726854
2024-11-22,0.209,368.61,0.8685,0.03401969561324977,0.24064478986758778
2024-11-24,0.03,333.74,0.6341,0.005393420027566369,0.04731114966093676
2024-11-26,0.199,438.68,0.5484,0.027218017689431932,0.362873814733771
2024-11-28,0.335,454.62,0.5937,0.044212749109146104,0.5642580427825501
2024-11-29,0.239,455.86,0.6029,0.03145702627999824,0.3964173163045281
2024-11-30,0.078,367.57,0.5754,0.012732268683516066,0.13555787278415016
2024-12-01,0.257,372.8,0.5685,0.04136266094420601,0.4520668425681618
2024-12-02,0.385,345.6,0.4104,0.06684027777777778,0.9381091617933723
2024-12-03,0.258,250.74,0.4499,0.06173725771715721,0.573460769059791
2024-12-04,0.16,145.86,0.2495,0.0658165364047717,0.6412825651302605
2024-12-06,0.216,424.01,0.5289,0.030565316855734534,0.4083947816222348
2024-12-07,0.0,360.0,0.4634,0.0,0.0
2024-12-08,0.0,27.41,0.2723,0.0,0.0
2024-12-11,0.194,81.83,0.3655,0.1422461200048882,0.53077975376197
2024-12-13,0.172,194.18,0.3658,0.053146565042743836,0.470202296336796
2024-12-14,0.002,8.8,0.2728,0.013636363636363637,0.007331378299120235
2024-12-15,0.0,120.0,0.2501,0.0,0.0
2024-12-16,0.195,97.68,0.3389,0.11977886977886977,0.5753909707878431
2024-12-17,0.178,89.24,0.3592,0.11967727476467953,0.49554565701559017
2024-12-18,0.289,60.0,0.2011,0.289,1.4370959721531575
2024-12-19,0.322,17.77,0.101,1.0872256612267868,3.188118811881188
2024-12-20,0.248,352.63,0.429,0.04219720386807702,0.578088578088578
2024-12-22,0.018,340.23,0.3739,0.0031743232519178197,0.04814121422840331
2024-12-23,0.296,292.94,0.3274,0.06062674950501809,0.9040928527794745
2024-12-26,0.344,195.91,0.3743,0.10535449951508345,0.919048891263692
2024-12-27,0.324,326.62,0.4129,0.05951870675402608,0.7846936304189877
2024-12-28,0.014,377.68,0.4658,0.002224105062486761,0.030055817947617004
2024-12-31,0.154,166.28,0.2922,0.05556891989415444,0.5270362765229295
2025-01-02,0.277,447.11,0.4222,0.03717206056675091,0.656087162482236
2025-01-03,0.177,378.48,0.6974,0.02805960684844641,0.25379982793232003
2025-01-04,0.265,28.85,0.4936,0.5511265164644714,0.536871961102107
2025-01-06,0.199,100.35,0.2169,0.11898355754857999,0.9174734900875979
2025-01-07,0.235,229.06,0.4845,0.06155592421199685,0.4850361197110423
2025-01-08,0.267,12.63,0.4125,1.2684085510688836,0.6472727272727273
2025-01-09,0.733,151.35,0.647,0.2905847373637265,1.132921174652241
2025-01-10,0.069,471.82,0.8657,0.00877453266076046,0.0797042855492665
2025-01-11,0.001,153.22,0.5706,0.00039159378671191754,0.0017525411847178409
2025-01-12,0.049,248.43,0.5436,0.011834319526627219,0.09013980868285505
2025-01-13,0.29,476.21,0.8752,0.03653850192142122,0.3313528336380256
2025-01-14,0.066,431.13,0.6877,0.009185164567531835,0.09597208084920751
2025-01-15,0.245,10.61,0.3165,1.3854853911404337,0.7740916271721958
2025-01-16,0.197,68.58,0.4822,0.17235345581802275,0.40854417254251346
2025-01-17,0.214,37.35,0.4896,0.3437751004016064,0.43709150326797386
2025-01-18,0.0,97.84,0.4616,0.0,0.0
2025-01-19,0.03,5.38,0.4714,0.3345724907063197,0.06364022061943148
2025-01-21,0.219,63.94,0.45,0.20550516108852052,0.48666666666666664
2025-01-23,0.306,62.04,0.6291,0.29593810444874274,0.4864091559370529
2025-01-25,0.0,33.08,0.39,0.0,0.0
2025-01-26,0.102,279.56,0.7656,0.0218915438546287,0.13322884012539185
2025-01-27,0.432,480.24,0.8845,0.053973013493253376,0.4884115319389486
2025-01-28,0.296,15.69,0.4009,1.1319311663479923,0.7383387378398604
2025-01-29,0.196,372.6,0.7905,0.031561996779388084,0.24794433902593296
2025-01-30,0.213,61.65,0.1631,0.20729927007299268,1.3059472716125076
2025-01-31,0.224,161.5,0.8197,0.08321981424148607,0.27327070879590093
2025-02-01,0.195,518.03,1.1165,0.02258556454259406,0.17465293327362294
2025-02-02,0.034,529.54,1.1374,0.003852400196396873,0.02989273782310533
2025-02-03,0.252,521.11,1.117,0.02901498723877876,0.22560429722470904
2025-02-04,0.458,413.58,0.949,0.06644421877266793,0.4826132771338251
2025-02-05,0.0,292.45,1.0133,0.0,0.0
2025-02-06,0.268,313.06,0.9643,0.051363955791222125,0.277921808565799
2025-02-07,0.316,6.26,0.5274,3.0287539936102235,0.5991657186196435
2025-02-08,0.053,430.63,1.6464,0.007384529642616632,0.032191448007774535
2025-02-10,0.543,19.37,0.5438,1.6819824470831182,0.9985288709084224
2025-02-12,0.208,77.19,0.6216,0.16167897396035755,0.3346203346203346
2025-02-14,0.237,300.26,1.0601,0.04735895557183774,0.223563814734459
2025-02-15,0.267,391.4,1.4701,0.040929994890137975,0.18162029793891574
2025-02-16,0.211,383.55,1.446,0.03300743058271412,0.1459197786998617
2025-02-17,0.856,597.27,2.0779,0.085991260234065,0.4119543770152558
2025-02-18,0.19,599.05,2.0452,0.019030131040814625,0.0929004498337571
2025-02-19,0.527,421.65,1.9416,0.07499110636784063,0.27142562834775447
2025-02-20,0.341,56.96,0.7935,0.3591994382022472,0.4297416509136736
2025-02-21,0.286,475.53,1.839,0.03608605135322693,0.15551930396954866
2025-02-22,0.04,72.0,0.8502,0.03333333333333333,0.04704775346977182
2025-02-23,0.693,600.0,2.1258,0.0693,0.3259949195596952
2025-02-24,0.21,53.96,0.5119,0.2335063009636768,0.41023637429185383
2025-02-25,0.271,95.99,1.0987,0.16939264506719454,0.24665513789023394
2025-02-26,0.4,420.0,1.8582,0.05714285714285715,0.2152620815843289
2025-02-27,0.395,491.72,1.3441,0.04819816155535671,0.29387694367978573
2025-02-28,0.432,497.55,1.3361,0.052095266807356044,0.3233290921338223
2025-03-01,0.108,40.78,1.0605,0.15890142226581658,0.10183875530410184
2025-03-02,0.15,600.0,2.5001,0.015,0.059997600095996154
2025-03-03,0.178,616.3,2.5417,0.017329222781113093,0.07003186843451233
2025-03-04,0.407,601.86,2.5338,0.04057421991825341,0.16062830531217934
2025-03-05,0.434,637.05,2.6218,0.040875912408759124,0.1655351285376459
2025-03-06,0.36,635.02,2.6112,0.034014676703095964,0.1378676470588235
2025-03-07,0.154,635.17,2.5801,0.01454728655320623,0.05968760900740282
2025-03-08,0.194,618.62,2.6786,0.018816074488377355,0.07242589412379602
2025-03-09,0.041,653.62,3.3856,0.003763654722927695,0.012110113421550094
2025-03-10,0.09,647.38,3.3509,0.008341314220396058,0.026858455937210896
2025-03-11,0.229,24.41,0.9105,0.5628840639082343,0.2515101592531576
2025-03-12,0.448,577.52,2.4312,0.046543842637484414,0.18427114182296808
2025-03-13,0.247,654.01,2.8683,0.02266020397241632,0.0861137259003591
2025-03-14,0.29,454.23,2.2137,0.03830658476983026,0.13100239418168677
2025-03-15,0.389,458.09,2.0851,0.050950686546311866,0.18656179559733346
2025-03-16,0.398,698.95,3.6471,0.034165534015308675,0.10912780016999808
2025-03-17,0.389,500.98,2.2379,0.04658868617509681,0.17382367398007062
2025-03-18,0.309,707.36,3.9511,0.02621013345396969,0.07820606919592013
2025-03-19,0.493,709.02,3.855,0.04171955657104172,0.1278858625162127
2025-03-20,0.361,710.67,3.8173,0.030478281058719237,0.09456946008959212
2025-03-21,0.374,600.0,3.7743,0.0374,0.09909122221339056
2025-03-22,0.529,442.6,2.7079,0.07171260732037958,0.19535433361645557
2025-03-23,0.533,615.91,2.824,0.051923170593106145,0.18873937677053826
2025-03-24,0.596,717.26,3.2488,0.049856397958899144,0.18345235163752768
2025-03-25,0.387,536.28,2.885,0.04329827701946745,0.1341421143847487
2025-03-26,0.146,551.64,2.385,0.01587992168805743,0.061215932914046124
2025-03-27,0.359,720.0,4.2844,0.029916666666666664,0.08379236299131734
2025-03-28,0.368,444.34,2.916,0.0496916775442229,0.1262002743484225
2025-03-29,0.609,720.0,3.28,0.050749999999999997,0.18567073170731707
2025-03-30,0.33,546.42,2.6344,0.0362358625233337,0.1252657151533556
2025-03-31,0.688,727.25,3.9922,0.05676177380543142,0.1723360553078503
2025-04-01,0.32,738.34,4.1149,0.026004279871062113,0.07776616685703178
2025-04-02,0.679,725.07,3.9525,0.05618767843104804,0.17179000632511068
2025-04-03,0.536,742.3,4.4594,0.043324801293277655,0.1201955420011661
2025-04-04,0.343,763.07,4.5779,0.026970002752041096,0.07492518403634855
2025-04-05,0.423,765.29,4.6165,0.033163898652798285,0.09162785660132133
2025-04-06,0.163,767.51,4.7764,0.012742504983648423,0.03412612009044469
2025-04-07,0.471,769.71,4.7351,0.03671512647620532,0.09946991615805367
2025-04-08,0.28,771.91,4.733,0.021764195307743137,0.05915909571096557
2025-04-09,0.569,720.0,4.7428,0.04741666666666666,0.11997132495572235
2025-04-10,0.466,532.71,3.5613,0.052486343413864954,0.13085109370173814
2025-04-11,0.372,778.44,4.8651,0.028672730075535686,0.07646297095640377
2025-04-12,0.394,780.0,4.9345,0.03030769230769231,0.07984598236903435
2025-04-13,0.164,379.26,2.6654,0.0259452618256605,0.06152922638253171
2025-04-14,0.546,674.38,3.8206,0.048577953082831644,0.14290949065591793
2025-04-15,0.331,678.81,3.8772,0.029257082246873206,0.0853708862065408
2025-04-17,0.174,71.38,1.7227,0.14625945643037264,0.10100423753410344
2025-04-18,1.017,664.39,5.6966,0.09184364605126506,0.17852754274479513
2025-04-19,0.414,662.07,5.5667,0.037518691377044715,0.07437081215082544
2025-04-20,0.243,607.09,4.0039,0.024016208469913848,0.06069082644421689
2025-04-21,0.447,462.74,3.8665,0.057959113108873236,0.1156084313979051
2025-04-22,0.398,732.69,4.5821,0.03259222863694059,0.08685973680190306
2025-04-23,0.118,282.02,3.1883,0.02510460251046025,0.03701031897876611
2025-04-24,0.093,91.43,1.4543,0.06103029640161872,0.06394829127415251
2025-04-25,0.709,706.79,4.7104,0.06018760876639455,0.1505180027173913
2025-04-26,0.554,830.7,5.4222,0.040014445648248465,0.10217254988749955
2025-04-27,0.37,826.15,6.1381,0.026871633480602796,0.06027923950408107
2025-04-28,1.202,837.04,6.3256,0.08616075695307272,0.1900214999367649
2025-04-29,0.27,844.25,6.4315,0.019188628960615933,0.04198087537899402
2025-04-30,1.257,851.51,6.3439,0.08857206609435003,0.19814309809423225
2025-05-01,2.229,809.88,6.1576,0.1651355756408357,0.361991685072106
2025-05-02,0.361,859.37,6.1977,0.025204510280787087,0.05824741436339287
2025-05-03,0.202,575.93,3.0861,0.02104422412445957,0.06545478111532355
2025-05-04,0.627,780.07,4.1915,0.04822644121681387,0.14958845282118574
2025-05-05,0.636,586.35,3.8361,0.06508058326937835,0.16579338390552906
2025-05-06,2.699,625.42,4.8288,0.2589299990406447,0.5589380384360503
2025-05-07,0.852,190.74,3.1866,0.2680088078011953,0.26736961024289213
2025-05-08,2.132,830.62,5.846,0.15400544171823458,0.36469380773178245
2025-05-09,0.555,891.84,6.4011,0.03733853606027987,0.08670384777616348
2025-05-10,4.404,893.41,6.6925,0.2957656619021502,0.6580500560328726
2025-05-11,0.471,894.95,6.2774,0.03157718308285379,0.07503106381622965
2025-05-12,0.328,895.33,5.9416,0.021980722191817542,0.05520398545846237
2025-05-13,5.035,897.96,6.5234,0.33642923960978216,0.7718367722353374
2025-05-14,0.626,899.43,6.3939,0.04175978119475668,0.09790581648133377
2025-05-15,0.67,426.92,3.4186,0.09416284081326712,0.19598666120634178
2025-05-16,0.531,881.62,6.7535,0.03613801864748985,0.07862589768268306
2025-05-17,0.366,721.63,4.6438,0.030431107354184278,0.07881476377104958
2025-05-18,0.265,216.53,3.1027,0.07343093335796426,0.08540948206400877
2025-05-19,2.986,900.0,5.8231,0.19906666666666667,0.5127852861877694
2025-05-20,4.5,868.0,5.547,0.31105990783410137,0.8112493239588967
2025-05-21,3.777,540.6,4.664,0.4192008879023308,0.8098198970840481
2025-05-22,0.625,525.03,3.8876,0.0714244900291412,0.16076756867990535
2025-05-23,1.054,868.81,4.2868,0.0727892174353426,0.24587104600167956
2025-05-25,1.079,547.58,4.91,0.11822929982833558,0.21975560081466394
2025-05-26,3.361,819.04,4.5782,0.24621508107052162,0.7341313179852345
2025-05-27,0.197,76.38,1.8911,0.15475255302435195,0.10417217492464703
2025-05-28,0.697,663.45,6.2039,0.0630341397241691,0.11234868389239026
2025-05-29,0.265,105.14,2.4816,0.15122693551455205,0.10678594455190202
2025-05-30,0.564,850.13,6.3888,0.03980567677884558,0.08827948910593537
2025-05-31,0.437,551.98,5.3963,0.047501721076850606,0.08098141319051942
2025-06-01,0.389,477.58,4.1309,0.04887139327442523,0.09416834103948293
2025-06-02,0.552,915.72,5.8603,0.03616826104049273,0.09419313004453699
2025-06-03,0.624,855.41,6.0912,0.04376848528775675,0.10244286840031522
2025-06-04,2.95,434.9,3.7055,0.40699011266957924,0.7961138847658886
2025-06-05,0.958,270.41,3.3785,0.21256610332458117,0.2835577919194909
2025-06-06,1.116,811.76,5.8162,0.08248743470976644,0.191877858395516
2025-06-07,0.622,568.02,4.9475,0.0657019119045104,0.1257200606366852
2025-06-08,1.207,903.83,6.3722,0.08012568735271014,0.18941652804368977
2025-06-09,0.717,725.73,4.6617,0.059278243975032036,0.15380655125812473
2025-06-10,0.769,361.6,3.3746,0.12759955752212387,0.22787885971670716
2025-06-11,0.794,942.27,7.8444,0.050558757044159325,0.10121870378869002
2025-06-12,1.381,927.12,7.6426,0.08937354387781517,0.18069766833276635
2025-06-13,1.436,838.91,6.293,0.10270470014661882,0.22819005243921817
2025-06-14,0.493,792.02,5.3697,0.03734754172874422,0.0918114606030132
2025-06-15,0.919,774.97,6.2956,0.07115114133450327,0.14597496664336998
2025-06-16,1.064,918.81,6.5809,0.06948117673947825,0.1616800133720312
2025-06-17,1.128,819.09,5.983,0.08262828260630699,0.18853418017716864
2025-06-18,1.328,940.9,6.6128,0.08468487618237858,0.2008226469876603
2025-06-19,2.947,948.24,6.8298,0.18647177929638067,0.431491405312015
2025-06-20,0.991,838.47,7.3879,0.07091488067551611,0.13413825308951122
2025-06-21,1.441,953.59,7.8415,0.09066789710462568,0.18376586112350954
2025-06-22,0.865,802.03,5.7906,0.06471079635425109,0.14938002970331224
2025-06-23,2.156,510.85,5.5282,0.2532250171283156,0.3900003617814117
2025-06-24,1.14,452.83,3.212,0.1510500629375262,0.3549190535491905
2025-06-25,7.207,904.91,6.226,0.47785967665292683,1.1575650497911982
2025-06-26,2.808,635.97,5.1217,0.26491815651681677,0.548255462053615
2025-06-27,1.866,474.93,3.9817,0.23574000379003224,0.46864404651279606
2025-06-28,1.424,650.48,4.1808,0.13134915754519738,0.34060466896287794
2025-06-29,15.72,889.32,5.7716,1.0605856159762515,2.723681474807679
2025-06-30,0.895,953.31,7.4762,0.056330050036189704,0.11971322329525695
2025-07-01,0.999,947.62,7.2296,0.06325320276060024,0.13818191877835564
2025-07-02,0.0,783.29,6.9419,0.0,0.0
2025-07-03,1.207,952.34,7.6584,0.07604426990360585,0.15760472161286954
2025-07-04,6.369,928.76,6.6059,0.4114518282441104,0.9641381189542682
2025-07-05,1.551,725.86,5.6692,0.1282065412062932,0.273583574402032
2025-07-06,0.117,19.6,1.7072,0.3581632653061224,0.06853327085285849
2025-07-07,0.949,606.1,5.5806,0.09394489358191717,0.1700533992760635
2025-07-08,0.9,865.81,5.8624,0.062369342003441866,0.1535207423580786
2025-07-09,1.215,936.26,6.2869,0.07786298677717729,0.19325899887066758
2025-07-10,1.24,934.18,6.7104,0.0796420390074718,0.18478779208392943
2025-07-11,1.253,927.16,6.447,0.08108632814185254,0.19435396308360475
2025-07-12,1.054,934.69,6.9412,0.0676587959644374,0.15184694289171902
2025-07-13,0.855,773.28,7.3262,0.06634078212290502,0.11670443067347329
2025-07-14,1.565,717.04,5.5659,0.1309550373758786,0.281176449451122
2025-07-15,1.015,926.92,5.7753,0.06570146290942044,0.1757484459681748
2025-07-16,0.86,790.2,5.3936,0.06529992406985573,0.15944823494512014
2025-07-17,1.086,900.0,6.8747,0.0724,0.15797052962311084
2025-07-18,0.701,687.4,4.7719,0.061187081757346516,0.14690165342945158
2025-07-19,0.519,692.6,5.2985,0.044961016459717014,0.09795225063697273
2025-07-20,0.298,649.12,4.1129,0.027544983978309092,0.07245495878820297
2025-07-21,0.862,848.01,5.2342,0.060989846817844126,0.16468610293836689
2025-07-22,0.915,819.68,5.5157,0.06697735701737263,0.165890095545443
2025-07-23,0.759,832.36,5.0755,0.054711903503291845,0.14954191705250713
2025-07-24,0.847,860.53,5.5466,0.059056627892113,0.1527061623336819
2025-07-25,0.858,833.76,5.0502,0.06174438687392056,0.16989426161340143
2025-07-26,0.0,764.51,4.3548,0.0,0.0
2025-07-27,0.202,442.16,3.6574,0.027410891984801882,0.05523049160605895
2025-07-28,0.498,749.07,4.9469,0.03988946293403821,0.100669105904708
2025-07-29,0.836,836.37,4.8546,0.05997345672369884,0.17220780290858156
2025-07-30,1.02,745.53,5.182,0.08208925194157177,0.19683519876495562
2025-07-31,0.451,511.1,3.5786,0.05294462923107023,0.1260269379086794
2025-08-01,0.877,816.65,4.8384,0.06443396804016409,0.1812582671957672
2025-08-02,2.12,639.51,4.1042,0.1989022845616175,0.5165440280688076
2025-08-03,0.988,743.23,4.7474,0.07975996663213271,0.20811391498504445
2025-08-04,0.755,495.29,4.3069,0.09146156797028003,0.17530009983979197
2025-08-05,1.319,774.06,5.6358,0.10224013642353305,0.23403953298555663
2025-08-06,0.917,793.33,4.9863,0.06935323257660746,0.1839038966768947
2025-08-07,0.849,848.46,5.5783,0.06003818683261438,0.15219690586737897
2025-08-08,0.29,246.79,2.9669,0.07050528789659224,0.09774512117024503
2025-08-09,0.888,727.44,6.1673,0.07324315407456285,0.14398521232954453
2025-08-10,0.865,843.89,5.6622,0.06150090651625212,0.15276747553954292
2025-08-11,0.95,844.58,6.0532,0.06748916621279215,0.15694178285865326
2025-08-12,0.809,840.0,5.9725,0.05778571428571429,0.13545416492256174
2025-08-13,0.611,747.37,5.562,0.04905200904505131,0.10985257101761955
2025-08-14,0.254,839.31,5.7507,0.018157772455945957,0.04416853600431252
2025-08-15,0.587,837.43,5.8233,0.04205724657583321,0.10080195078391976
2025-08-16,0.039,16.92,2.2954,0.1382978723404255,0.016990502744619676
2025-08-17,0.711,718.65,4.8021,0.0593613024420789,0.14806022365215216
2025-08-18,0.981,786.94,4.8822,0.074796045441838,0.20093400516160748
2025-08-19,1.023,825.04,5.7618,0.07439639290216232,0.17754868270332186
2025-08-20,0.872,717.69,5.1263,0.07290055595034067,0.17010319333632445
2025-08-21,0.955,728.83,4.5134,0.0786191567306505,0.2115921478264723
2025-08-22,0.438,375.3,2.8048,0.07002398081534772,0.15616086708499713
2025-08-23,1.345,561.24,3.7394,0.14378875347444942,0.3596833716639033
2025-08-24,0.895,804.3,5.7603,0.06676613204028348,0.1553738520563165
2025-08-25,0.822,799.0,5.702,0.061727158948685856,0.14415994387934059
2025-08-26,0.947,760.61,4.2424,0.07470319874837301,0.22322270412973788
2025-08-27,0.808,488.68,3.506,0.09920602439224031,0.2304620650313748
2025-08-28,0.888,611.99,3.8635,0.08706024608245232,0.22984340623786723
2025-08-29,0.6,511.3,2.46,0.07040876197926853,0.24390243902439024
2025-08-30,0.799,693.28,3.6131,0.06914954996538196,0.2211397414962221
2025-08-31,0.195,286.92,2.1313,0.04077791718946048,0.09149345469901
2025-09-01,0.899,550.98,4.1108,0.09789829031906784,0.2186922253575946
2025-09-02,0.645,492.82,3.5178,0.07852765715677124,0.18335323213371996
2025-09-03,0.476,344.12,2.4301,0.08299430431244914,0.19587671289247355
2025-09-04,0.542,613.11,3.4423,0.05304105299212213,0.15745286581645995
2025-09-05,0.768,771.94,4.1427,0.05969375858227323,0.18538634224056777
2025-09-06,0.763,770.4,4.1319,0.05942367601246106,0.1846608097969457
2025-09-07,0.615,768.87,4.4254,0.04799250848648016,0.13897048854340852
2025-09-08,0.506,625.02,2.9495,0.048574445617740235,0.17155450076284115
2025-09-09,0.789,418.66,3.0895,0.11307504896574787,0.25538112963262666
2025-09-10,0.478,486.61,3.2166,0.05893836953617887,0.14860411614748492
2025-09-11,0.838,661.57,2.5767,0.0760010278579742,0.32522218341289244
2025-09-12,1.183,692.34,3.5971,0.10252188231215878,0.32887603903144197
2025-09-13,0.947,544.01,2.7322,0.10444660943732652,0.3466071297855208
2025-09-14,0.478,479.45,2.8139,0.059818542079466054,0.1698709975478873
2025-09-15,0.82,707.36,3.271,0.06955439945713639,0.25068786303882606
2025-09-16,0.976,691.03,3.8173,0.08474306470051951,0.2556780970843266
2025-09-17,0.405,170.4,1.5638,0.1426056338028169,0.25898452487530377
2025-09-18,0.035,623.06,2.6659,0.003370461913780375,0.01312877452267527
2025-09-19,0.652,704.98,3.9004,0.05549093591307555,0.16716234232386423
2025-09-20,0.091,209.31,1.186,0.026085710190626343,0.07672849915682968
2025-09-21,0.184,44.54,1.4412,0.24786708576560396,0.1276713849569803
2025-09-22,0.624,660.0,3.4436,0.05672727272727273,0.1812057149494715
2025-09-23,0.401,270.13,2.26,0.08906822640950654,0.17743362831858409
2025-09-24,0.176,419.95,2.5913,0.025145850696511488,0.0679195770462702
2025-09-25,0.059,203.76,1.9849,0.017373380447585393,0.029724419366214918
2025-09-26,0.642,366.57,1.8415,0.1050822489565431,0.3486288351887049
2025-09-27,0.296,579.09,2.7837,0.030668807957312333,0.10633329740992203
2025-09-28,0.44,600.0,2.9612,0.044,0.1485884101040119
2025-09-29,0.595,657.76,2.8018,0.054275115543663335,0.21236348061960167
2025-09-30,0.452,630.42,2.7218,0.04301893975444942,0.16606657359100596
2025-10-01,0.132,453.89,2.7435,0.017449161691158652,0.048113723346090764
2025-10-02,0.403,388.21,2.0191,0.06228587620102522,0.19959387846070034
2025-10-04,1.105,421.28,2.0806,0.15737751614128373,0.5310967990002884
2025-10-05,0.311,600.78,1.9709,0.03105962249076201,0.1577959307930387
2025-10-06,0.104,215.8,1.0741,0.028915662650602407,0.09682524904571269
2025-10-07,0.131,26.79,1.2726,0.2933930571108623,0.10293886531510295
2025-10-08,0.187,289.47,1.2843,0.03876049331536947,0.14560460951491086
2025-10-09,0.121,371.58,1.4612,0.019538188277087035,0.08280865042430878
2025-10-10,0.083,217.49,1.3814,0.022897604487562645,0.06008397278123643
2025-10-11,0.042,119.11,1.2738,0.021156913777180757,0.03297220913801225
2025-10-12,0.282,193.5,1.4822,0.08744186046511628,0.19025772500337335
2025-10-15,0.0,101.51,1.0188,0.0,0.0
2025-10-16,0.222,162.51,1.2787,0.08196418681927266,0.1736138265425823
2025-10-17,0.0,90.89,0.9145,0.0,0.0
2025-10-18,0.135,385.77,1.8173,0.020996967104751536,0.07428602872393111
2025-10-19,0.196,305.99,2.3153,0.038432628517271805,0.08465425646784434
2025-10-20,0.286,480.0,1.8039,0.03575,0.15854537391207937
2025-10-21,0.064,233.76,0.7616,0.01642710472279261,0.08403361344537814
2025-10-22,0.0,419.27,1.1409,0.0,0.0
2025-10-23,0.0,135.01,0.443,0.0,0.0
2025-10-24,0.676,435.97,1.13,0.09303392435259307,0.5982300884955754
2025-10-25,0.714,81.64,0.2805,0.5247427731504164,2.545454545454545
2025-10-26,0.042,533.87,1.3763,0.004720250248187762,0.030516602484923345
2025-10-27,0.393,480.0,0.9417,0.049125,0.4173303599872571
2025-10-28,0.267,139.8,0.71,0.11459227467811159,0.37605633802816907
2025-10-29,0.026,19.2,0.8878,0.08124999999999999,0.029285875197116465
2025-10-30,0.098,448.12,1.4629,0.013121485316433099,0.066990224895755
2025-10-31,0.054,245.79,1.2398,0.013181984621017943,0.043555412163252136
2025-11-01,0.007,44.0,0.2107,0.009545454545454546,0.03322259136212625
2025-11-02,0.187,385.64,1.1166,0.029094492272585832,0.1674726849364141
2025-11-03,0.066,163.1,0.7822,0.024279583077866342,0.08437739708514447
2025-11-04,0.17,496.75,1.3383,0.020533467539003526,0.12702682507658972
2025-11-05,0.371,527.28,1.2996,0.042216659080564406,0.28547245306248076
2025-11-06,0.001,509.3,1.0948,0.00011780875711761241,0.0009134088417975887
2025-11-07,0.352,540.0,1.293,0.03911111111111111,0.2722351121423047
2025-11-08,0.128,416.68,1.2218,0.018431410194873765,0.10476346374201997
2025-11-09,0.215,537.8,1.214,0.023986612123465974,0.1771004942339374
2025-11-10,0.118,400.66,1.0,0.017670843108870363,0.118
2025-11-11,0.017,367.98,0.8119,0.002771889776618295,0.020938539228969086
2025-11-12,0.139,433.29,1.1521,0.019248078654019247,0.12064924919711832
2025-11-13,0.0,98.71,0.6923,0.0,0.0
2025-11-15,0.0,23.29,0.4002,0.0,0.0
2025-11-17,0.89,514.43,0.9908,0.10380421048539161,0.8982640290674203
2025-11-18,0.007,250.93,0.3884,0.0016737735623480654,0.018022657054582905
2025-11-20,0.043,116.19,0.6407,0.022205009036922282,0.06711409395973153
2025-11-21,0.18,227.65,0.645,0.047441247529101685,0.27906976744186046
2025-11-22,0.58,409.51,1.0915,0.08497960977753902,0.5313788364635822
2025-11-24,0.064,62.41,0.2821,0.06152860118570742,0.22686990428925913
2025-11-25,0.071,229.64,0.3973,0.018550775126284617,0.17870626730430406
2025-11-26,0.128,207.26,0.3403,0.037054906880247034,0.37613870114604764
2025-11-29,0.0,145.11,0.2802,0.0,0.0
2025-11-30,0.0,290.2,0.4998,0.0,0.0
2025-12-01,0.001,29.52,0.3075,0.0020325203252032522,0.0032520325203252032
2025-12-02,0.0,120.0,0.469,0.0,0.0
2025-12-03,0.0,132.4,0.2586,0.0,0.0
2025-12-04,0.0,300.0,0.5044,0.0,0.0
2025-12-05,0.004,20.89,0.3826,0.011488750598372427,0.010454783063251438
2025-12-06,0.0,175.81,0.3103,0.0,0.0
2025-12-09,0.045,282.82,0.4343,0.009546708153595927,0.1036150126640571
2025-12-10,0.0,152.51,0.3448,0.0,0.0
2025-12-11,0.0,59.58,0.3388,0.0,0.0
2025-12-12,0.0,84.06,0.2259,0.0,0.0
2025-12-13,0.017,138.14,0.1706,0.007383813522513394,0.0996483001172333
2025-12-15,0.266,429.15,0.4672,0.03718979377839916,0.5693493150684932
2025-12-16,0.056,300.0,0.343,0.0112,0.16326530612244897
2025-12-17,0.0,255.21,0.324,0.0,0.0
2025-12-18,0.214,321.36,0.3841,0.039955190440627335,0.5571465764123926
2025-12-19,0.754,100.73,0.2352,0.449121413680135,3.2057823129251704
2025-12-21,0.0,261.14,0.4352,0.0,0.0
2025-12-22,0.0,420.0,0.4308,0.0,0.0
2025-12-23,0.0,243.34,0.3636,0.0,0.0
2025-12-24,0.0,443.5,0.4404,0.0,0.0
2025-12-25,0.006,435.09,0.444,0.0008274150175825693,0.013513513513513514
2025-12-26,0.362,450.83,0.4504,0.04817780538118581,0.8037300177619893
2025-12-27,0.129,434.3,0.4401,0.017821782178217824,0.29311520109066125
2025-12-28,0.219,445.95,0.4412,0.02946518668012109,0.49637352674524027
2025-12-30,0.0,373.3,0.4291,0.0,0.0
2025-12-31,0.0,47.15,0.1817,0.0,0.0
2026-01-01,0.014,113.18,0.2529,0.0074218059727867115,0.055357848952155
2026-01-02,0.01,360.0,0.4398,0.0016666666666666668,0.022737608003638016
2026-01-03,0.0,387.74,0.7061,0.0,0.0
2026-01-04,0.0,463.71,0.6762,0.0,0.0
2026-01-05,0.0,310.62,0.4521,0.0,0.0
2026-01-06,0.0,466.15,0.7679,0.0,0.0
2026-01-11,0.0,252.81,0.633,0.0,0.0
2026-01-13,0.102,395.52,0.5778,0.015473300970873786,0.17653167185877466
2026-01-15,0.0,66.07,0.446,0.0,0.0
2026-01-16,0.111,480.0,0.7709,0.013875,0.14398754702296018
2026-01-17,0.186,480.0,0.8463,0.02325,0.21978021978021978
2026-01-18,0.077,480.0,0.8478,0.009625,0.09082330738381694
2026-01-19,0.156,428.97,0.7698,0.021819707671865165,0.20265003897116132
2026-01-20,0.029,480.0,0.8747,0.003625,0.03315422430547616
2026-01-21,0.003,300.0,0.73,0.0006000000000000001,0.004109589041095891
2026-01-22,0.015,295.41,0.7986,0.0030466131816796987,0.018782870022539443
2026-01-23,0.017,6.71,0.4675,0.1520119225037258,0.03636363636363636
2026-01-24,0.07,465.13,0.94,0.009029733622858126,0.07446808510638299
2026-01-25,0.023,481.85,0.8336,0.002863961813842482,0.02759117082533589
2026-01-26,0.002,1.96,0.4288,0.06122448979591837,0.0046641791044776115
2026-01-29,0.002,43.49,0.5841,0.0027592550011496897,0.0034240712206813906
2026-01-30,0.013,107.72,0.564,0.007240995172669885,0.023049645390070924
2026-01-31,0.296,460.97,0.7651,0.03852745297958652,0.3868775323487126
2026-02-01,0.042,249.82,0.7126,0.01008726282923705,0.05893909626719057
2026-02-02,0.003,142.05,0.6534,0.0012671594508975711,0.004591368227731864
2026-02-04,0.09,494.72,1.1037,0.010915265200517464,0.08154389779831477
2026-02-05,0.113,338.24,0.8501,0.020044938505203405,0.13292553817197977
2026-02-06,0.0,172.24,0.675,0.0,0.0
2026-02-07,0.028,472.84,1.6009,0.0035529989002622453,0.017490161783996504
2026-02-08,0.166,560.48,1.6377,0.017770482443619756,0.10136166575074801
2026-02-09,0.072,25.04,0.916,0.17252396166134185,0.07860262008733623
2026-02-10,0.0,94.04,0.8293,0.0,0.0
2026-02-11,0.0,241.15,0.7604,0.0,0.0
2026-02-12,0.01,228.74,0.9254,0.002623065489201714,0.01080613788631943
2026-02-14,0.368,231.46,1.1123,0.09539445260520175,0.3308459947855794
2026-02-15,0.023,314.75,1.1755,0.004384432088959491,0.019566142067205444
2026-02-16,0.252,363.1,1.2708,0.04164142109611677,0.19830028328611898
2026-02-17,0.43,301.37,1.0398,0.08560905199588545,0.4135410655895364
2026-02-18,0.177,290.36,1.7384,0.03657528585204573,0.10181776346065347
2026-02-19,0.0,77.03,1.0559,0.0,0.0
2026-02-20,0.036,85.76,1.0154,0.0251865671641791,0.03545400827260192
2026-02-21,0.004,104.18,0.7465,0.0023037051257439045,0.0053583389149363695
2026-02-23,0.197,305.03,1.5808,0.03875028685703046,0.12462044534412955
2026-02-25,0.054,600.0,2.2206,0.0054,0.024317751958930017
2026-02-26,0.868,600.0,2.1638,0.0868,0.40114613180515757
2026-02-27,0.268,360.89,1.5461,0.04455651306492284,0.1733393700278119
2026-02-28,0.035,360.0,1.1192,0.005833333333333334,0.031272337383845605
2026-03-01,0.176,367.02,1.6021,0.028772273990518227,0.109855814243805
2026-03-02,0.502,603.91,2.4055,0.0498749813713964,0.2086884223654126
2026-03-03,0.525,609.05,2.4277,0.05171989163451277,0.2162540676360341
2026-03-04,0.312,614.89,2.4446,0.03044446974255558,0.1276282418391557
2026-03-05,0.359,625.45,2.5432,0.03443920377328323,0.14116074237181503
2026-03-06,0.45,624.31,2.5182,0.0432477455110442,0.17869907076483202
2026-03-07,0.34,627.41,2.4599,0.032514623611354626,0.138217000691085
2026-03-08,0.006,474.55,2.5528,0.0007586134232430724,0.0023503603885929175
2026-03-09,0.679,653.29,3.242,0.062361279064427746,0.20943861813695253
2026-03-10,0.49,460.12,1.7771,0.06389637485873251,0.27573012210905407
2026-03-11,0.0,235.79,1.026,0.0,0.0
2026-03-12,0.391,657.35,2.5392,0.03568875028523617,0.1539855072463768
2026-03-14,0.348,374.01,2.3018,0.055827384294537576,0.15118602832565817
2026-03-15,1.036,698.13,3.595,0.08903785827854412,0.2881780250347705
2026-03-16,0.328,562.4,3.0275,0.034992887624466576,0.10834021469859621
2026-03-17,1.062,553.9,2.7527,0.11503881567069871,0.38580302975260655
2026-03-18,0.476,706.98,3.8688,0.040397182381396925,0.12303556658395368
2026-03-19,0.743,708.63,3.8416,0.06291012234875747,0.19340899625156185
2026-03-20,0.581,557.75,3.0119,0.06250112057373375,0.19290149075334506
2026-03-21,0.341,711.93,3.8931,0.02873878049808268,0.08759086589093525
2026-03-22,0.27,713.57,3.9676,0.02270274815364996,0.06805121484020567
2026-03-23,0.66,715.2,3.4267,0.05536912751677853,0.19260513030028892
2026-03-24,0.448,392.43,3.2804,0.06849629233239049,0.13656871113278868
2026-03-25,0.766,673.33,3.286,0.0682577636522953,0.2331101643335362
2026-03-26,1.659,720.0,3.5416,0.13825,0.4684323469618252
2026-03-27,0.515,221.26,2.4156,0.1396547048720962,0.21319754926312304
2026-03-28,0.859,600.0,4.026,0.0859,0.2133631395926478
2026-03-29,0.583,470.84,2.9842,0.07429275337694333,0.19536224113665304
2026-03-30,0.816,720.0,3.3947,0.06799999999999999,0.24037470174094913
2026-03-31,0.57,547.92,2.3238,0.06241787122207621,0.2452878905241415
2026-04-01,0.912,479.04,3.3831,0.11422845691382766,0.26957524164228075
2026-04-02,0.017,144.84,1.5048,0.007042253521126761,0.01129718234981393
2026-04-03,0.55,217.59,2.3607,0.15166138149731145,0.23298174270343544
2026-04-04,0.788,312.7,1.9701,0.15119923249120562,0.39997969646210857
2026-04-05,0.325,360.0,2.3629,0.05416666666666667,0.1375428498878497
2026-04-06,1.085,720.0,4.0918,0.09041666666666666,0.2651644752920475
